Projected Win,Projected Loss,PW,PM,PF,PA,PT,Final,CL,CT,PE,SU,ATS,O/U
Air Force,San Diego State,0.527,0.9,21.6,20.7,42.3,W 31-20,-6.5,43.5,10.1,Win,Loss,Loss
Alabama,Auburn,0.875,16.7,32.6,15.9,48.5,W 28-14,-11.5,51,2.7,Win,Win,Win
Arizona State,Arizona,0.832,14.2,33.9,19.7,53.7,W 49-7,-7.5,53.5,27.8,Win,Win,Win
Army,UTSA,0.972,24.4,39.2,14.8,54,W 29-24,-6,54,19.4,Win,Loss,Loss
Boise State,Oregon State,0.978,25.1,41.2,16.1,57.3,W 34-18,-17.5,58,9.1,Win,Loss,Win
Boston College,Pittsburgh,0.622,4.5,25.7,21.3,47,W 34-23,-3.5,50.5,6.5,Win,Win,Loss
Bowling Green,Miami (OH),0.652,5.7,26.1,20.4,46.5,L 12-28,-2.5,38.5,21.7,Loss,Loss,Win
Buffalo,Kent State,0.975,24.8,39.6,14.8,54.4,W 43-7,-23.5,51,11.2,Win,Win,Loss
BYU,Houston,0.921,19.9,30.5,10.6,41.1,W 30-18,-12,40,7.9,Win,Push,Win
Charlotte,UAB,0.655,5.8,31.1,25.3,56.4,W 29-27,1,60.5,3.8,Win,Win,Win
Cincinnati,TCU,0.536,1.3,30.7,29.4,60.1,L 13-20,2.5,58,8.3,Loss,Loss,Loss
Colorado,Oklahoma State,0.908,19,41.7,22.7,64.5,W 52-0,-14.5,67.5,33,Win,Win,Win
Colorado State,Utah State,0.732,9.1,34.5,25.3,59.8,W 42-37,-5,57,4.1,Win,Push,Win
Connecticut,Massachusetts,0.868,16.3,34.5,18.1,52.6,W 47-42,-7.5,49.5,11.3,Win,Loss,Win
Duke,Wake Forest,0.597,3.5,25.8,22.3,48.2,W 23-17,-3.5,53,2.5,Win,Loss,Win
Florida,Florida State,0.885,17.4,31.7,14.3,46,W 31-11,-16.5,45.5,2.6,Win,Win,Loss
Florida Atlantic,Tulsa,0.677,6.7,29,22.3,51.3,W 63-16,1,57.5,40.3,Win,Win,Loss
Florida International,Middle Tennessee,0.886,17.4,37,19.6,56.6,W 35-24,-10,51,6.4,Win,Win,Win
Georgia,Georgia Tech,0.902,18.5,34.8,16.3,51.2,W 44-42,-17,49,16.5,Win,Loss,Win
Georgia Southern,Appalachian State,0.735,9.2,34.3,25.1,59.3,W 29-20,-2.5,60.5,0.2,Win,Win,Win
Georgia State,Coastal Carolina,0.508,0.3,27.2,26.9,54.1,L 27-48,-1,53.5,21.3,Loss,Win,Win
Illinois,Northwestern,0.774,11.1,31.1,20,51.1,W 38-28,-9.5,43,1.1,Win,Win,Win
Indiana,Purdue,0.99,41.9,53.3,11.4,64.7,W 66-0,-29,56.5,24.1,Win,Win,Win
Iowa,Nebraska,0.632,4.9,25.8,21,46.8,W 13-10,-3,42,1.9,Win,Push,Loss
Iowa State,Kansas State,0.606,3.9,27.2,23.3,50.5,W 29-21,-2,52,4.1,Win,Win,Win
James Madison,Marshall,0.633,4.9,28.9,24,53,L 33-35,-3.5,52.5,6.9,Loss,Loss,Win
Kansas,Baylor,0.508,0.3,29.9,29.6,59.6,L 17-45,-2.5,62,28.3,Loss,Win,Push
Louisiana,UL Monroe,0.785,11.6,34,22.4,56.4,W 37-23,-9.5,49.5,2.4,Win,Win,Win
Louisiana Tech,Kennesaw State,0.747,9.8,26.1,16.3,42.3,W 33-0,-11,41,23.2,Win,Loss,Loss
Louisville,Kentucky,0.6,3.6,28.2,24.5,52.7,W 41-14,-5,49.5,23.4,Win,Loss,Win
LSU,Oklahoma,0.629,4.7,24.9,20.2,45.1,W 37-17,-6,48,15.3,Win,Loss,Loss
Miami,Syracuse,0.846,15,41.9,26.9,68.8,L 38-42,-12,62.5,19,Loss,Loss,Win
Minnesota,Wisconsin,0.535,1.2,22.3,21.1,43.4,W 24-7,-2,41,15.8,Win,Loss,Loss
Missouri,Arkansas,0.723,8.7,29.1,20.4,49.6,W 28-21,-3,51.5,1.7,Win,Win,Win
Navy,East Carolina,0.787,11.8,33.5,21.7,55.2,W 34-20,3,54.5,2.2,Win,Win,Loss
New Mexico,Hawaii,0.537,1.3,31.6,30.3,61.8,L 30-38,-6.5,60,9.3,Loss,Win,Win
North Carolina,NC State,0.666,6.2,29.8,23.6,53.4,L 30-35,-2.5,53.5,11.2,Loss,Loss,Loss
North Texas,Temple,0.706,8,32.9,24.9,57.8,W 24-17,-11.5,63,1,Win,Win,Win
Northern Illinois,Central Michigan,0.891,17.8,30.1,12.4,42.5,W 24-16,-13.5,40.5,9.8,Win,Loss,Loss
Notre Dame,USC,0.715,8.4,29.2,20.8,50,W 49-35,-7,52.5,5.6,Win,Win,Loss
Ohio,Ball State,0.895,18,35.2,17.1,52.3,W 42-21,-17.5,52,3,Win,Win,Win
Ohio State,Michigan,0.985,25.9,36.5,10.6,47.2,L 10-13,-19.5,41.5,28.9,Loss,Loss,Loss
Old Dominion,Arkansas State,0.844,14.8,36.2,21.4,57.6,W 40-32,-5.5,58.5,6.8,Win,Win,Loss
Ole Miss,Mississippi State,0.99,32.7,47.3,14.5,61.8,W 26-14,-26,63.5,20.7,Win,Loss,Win
Oregon,Washington,0.936,21.1,34.3,13.2,47.5,W 49-21,-17,50,6.9,Win,Win,Loss
Penn State,Maryland,0.977,25,39.2,14.2,53.4,W 44-7,-26.5,50.5,12,Win,Loss,Win
Rutgers,Michigan State,0.67,6.4,31.3,24.9,56.3,W 41-14,1,47,20.6,Win,Win,Win
Sam Houston,Liberty,0.554,1.9,27.3,25.4,52.6,W 20-18,2.5,48,0.1,Win,Win,Loss
SMU,California,0.858,15.7,33,17.3,50.4,W 38-6,-12.5,54.5,16.3,Win,Win,Win
South Carolina,Clemson,0.516,0.5,27,26.4,53.4,W 17-14,2.5,49,2.5,Win,Win,Loss
South Florida,Rice,0.663,6.1,25.8,19.6,45.4,L 28-35,-5.5,54,13.1,Loss,Loss,Loss
Stanford,San Jose State,0.504,0.1,23.6,23.5,47.1,L 31-34,2.5,55,3.1,Loss,Loss,Loss
Tennessee,Vanderbilt,0.713,8.2,29.9,21.6,51.5,W 36-23,-10,47,4.8,Win,Loss,Win
Texas,Texas A&M,0.77,10.9,29.4,18.5,47.9,W 17-7,-4.5,50,0.9,Win,Win,Win
Texas State,South Alabama,0.639,5.1,30.8,25.7,56.4,W 45-38,-2.5,61,1.9,Win,Win,Loss
Texas Tech,West Virginia,0.561,2.1,28.9,26.7,55.6,W 52-15,-2.5,62,34.9,Win,Loss,Loss
Toledo,Akron,0.683,6.9,26.8,19.8,46.6,L 14-21,-9.5,49,13.9,Loss,Win,Win
Troy,Southern Mississippi,0.895,18.1,35.9,17.8,53.6,W 52-20,-17.5,48.5,13.9,Win,Win,Win
Tulane,Memphis,0.894,18,36.2,18.2,54.4,L 24-34,-12.5,54,28,Loss,Loss,Win
UCF,Utah,0.719,8.5,27.2,18.7,45.9,L 14-28,-9.5,46,22.5,Loss,Win,Win
UCLA,Fresno State,0.739,9.4,29,19.6,48.6,W 20-13,-7.5,46.5,2.4,Win,Loss,Loss
UNLV,Nevada,0.906,18.8,38,19.2,57.1,W 38-14,-17.5,54.5,5.2,Win,Win,Loss
UTEP,New Mexico State,0.528,1,21.9,21,42.9,W 42-35,3,51.5,6,Win,Win,Loss
Virginia Tech,Virginia,0.852,15.4,30.4,15,45.4,W 37-17,-5,45,4.6,Win,Win,Win
Washington State,Wyoming,0.91,19.1,36.2,17.1,53.3,L 14-15,-18,55.5,20.1,Loss,Loss,Win
Western Kentucky,Jacksonville State,0.586,3.1,34.7,31.6,66.2,W 19-17,-1,62,1.1,Win,Win,Loss
Western Michigan,Eastern Michigan,0.619,4.4,29.7,25.3,55,W 26-18,-6.5,55.5,3.6,Win,Loss,Win
Akron,Kent State,0.793,12.1,33.2,21.2,54.4,W 38-17,-10.5,49,8.9,Win,Win,Win
Alabama,Oklahoma,0.813,13.1,29.5,16.4,45.9,L 3-24,-13.5,47,34.1,Loss,Win,Win
Arizona State,BYU,0.511,0.4,24.7,24.4,49.1,W 28-23,-3.5,49.5,4.6,Win,Loss,Loss
Arkansas,Louisiana Tech,0.956,22.8,35.2,12.4,47.7,W 35-14,-23.5,48.5,1.8,Win,Win,Loss
Baylor,Houston,0.735,9.2,29.9,20.7,50.7,W 20-10,-7,51,0.8,Win,Win,Win
Boise State,Wyoming,0.99,29.4,41.9,12.5,54.4,W 17-13,-22.5,54,25.4,Win,Loss,Loss
Bowling Green,Ball State,0.845,14.9,35.3,20.4,55.8,W 38-13,-12,54.5,10.1,Win,Win,Loss
California,Stanford,0.84,14.6,31.2,16.6,47.9,W 24-21,-14.5,53.5,11.6,Win,Loss,Win
Charlotte,Florida Atlantic,0.556,2,28,26.1,54.1,W 39-27,-3,49.5,10,Win,Loss,Win
Coastal Carolina,Georgia Southern,0.521,0.7,28.4,27.6,56,L 6-26,-2,59.5,20.7,Loss,Win,Win
Colorado,Kansas,0.541,1.4,28.5,27.1,55.6,L 21-37,-1.5,60,17.4,Loss,Win,Win
Eastern Michigan,Buffalo,0.572,2.6,27.4,24.9,52.3,L 20-37,-1,53,19.6,Loss,Loss,Loss
Florida International,Kennesaw State,0.696,7.5,26.5,19,45.4,L 26-27,-9,42.5,8.5,Loss,Win,Win
Fresno State,Colorado State,0.605,3.8,25.3,21.5,46.8,W 28-22,-3.5,43.5,2.2,Win,Win,Win
Georgia,Massachusetts,0.99,50.9,51.1,0.2,51.3,W 59-21,-42.5,55,12.9,Win,Loss,Loss
Georgia Tech,NC State,0.771,11,33.8,22.9,56.7,W 30-29,-7.5,51.5,10,Win,Loss,Win
Iowa,Maryland,0.742,9.6,30,20.4,50.4,W 29-13,-4.5,41,6.4,Win,Win,Win
Iowa State,Utah,0.763,10.6,25.7,15.1,40.8,W 31-28,-6.5,42.5,7.6,Win,Loss,Loss
Jacksonville State,Sam Houston,0.591,3.3,31.4,28.1,59.5,W 21-11,-5,57,6.7,Win,Loss,Loss
James Madison,Appalachian State,0.886,17.4,37,19.6,56.6,L 20-34,-7,57.5,31.4,Loss,Loss,Win
Kansas State,Cincinnati,0.647,5.5,29.9,24.4,54.3,W 41-15,-7.5,55,20.5,Win,Loss,Loss
Louisiana,Troy,0.864,16.1,38.1,22,60.1,W 51-30,-7.5,51.5,4.9,Win,Win,Win
Louisville,Pittsburgh,0.715,8.4,32.1,23.8,55.9,W 37-9,-7,57,19.6,Win,Win,Win
LSU,Vanderbilt,0.748,9.9,33.4,23.5,56.9,W 24-17,-10,52.5,2.9,Win,Win,Loss
Miami,Wake Forest,0.98,25.3,46.4,21.1,67.5,W 42-14,-23.5,66.5,2.7,Win,Win,Loss
Miami (OH),Northern Illinois,0.58,2.9,22.3,19.5,41.8,W 20-9,-1,43,8.1,Win,Win,Win
Michigan,Northwestern,0.793,12,26.9,14.9,41.8,W 50-6,-10.5,35,32,Win,Win,Win
Michigan State,Purdue,0.844,14.8,36.6,21.8,58.4,W 24-17,-14,48.5,7.8,Win,Loss,Loss
Middle Tennessee,New Mexico State,0.555,2,28.8,26.8,55.6,L 21-36,-3,53,17,Loss,Win,Win
Missouri,Mississippi State,0.764,10.6,35,24.4,59.4,W 39-20,-10,58,8.4,Win,Win,Win
Nebraska,Wisconsin,0.523,0.8,22.3,21.5,43.7,W 44-25,-1,40.5,18.2,Win,Loss,Win
Nevada,Air Force,0.667,6.3,29,22.7,51.7,L 19-22,-2.5,45,9.3,Loss,Loss,Loss
North Carolina,Boston College,0.561,2.1,27.9,25.8,53.7,L 21-41,-2.5,50,22.1,Loss,Win,Win
North Texas,East Carolina,0.668,6.3,34.1,27.8,61.9,L 28-40,-2.5,74.5,18.3,Loss,Loss,Win
Notre Dame,Army,0.745,9.7,29.9,20.2,50.1,W 49-14,-14,44.5,25.3,Win,Loss,Win
Ohio State,Indiana,0.817,13.3,36.9,23.6,60.5,W 38-15,-10.5,52.5,9.7,Win,Win,Win
Old Dominion,Marshall,0.623,4.5,28.8,24.3,53.2,L 35-42,-3,51.5,11.5,Loss,Loss,Win
Ole Miss,Florida,0.813,13.1,31.9,18.8,50.8,L 17-24,-13,58,20.1,Loss,Loss,Win
Penn State,Minnesota,0.789,11.8,29.9,18,47.9,W 26-25,-11.5,45,10.8,Win,Loss,Win
Rice,UAB,0.637,5.1,27.7,22.6,50.4,L 14-40,-7,52,31.1,Loss,Win,Loss
Rutgers,Illinois,0.544,1.6,30.6,29,59.6,L 31-38,-2.5,47.5,8.6,Loss,Win,Win
SMU,Virginia,0.83,14.1,32.7,18.7,51.4,W 33-7,-11,54.5,11.9,Win,Win,Win
South Alabama,Southern Mississippi,0.96,23.2,39,15.7,54.7,W 35-14,-24,54,2.2,Win,Win,Loss
South Florida,Tulsa,0.969,24.1,37.8,13.7,51.5,W 63-30,-17.5,61,8.9,Win,Win,Loss
Syracuse,Connecticut,0.79,11.9,32.8,20.8,53.6,W 31-24,-10,53,4.9,Win,Loss,Win
TCU,Arizona,0.731,9.1,34,25,59,W 49-28,-10.5,60,11.9,Win,Loss,Loss
Tennessee,UTEP,0.99,42,42.2,0.2,42.4,W 56-0,-41.5,54.5,14,Win,Win,Loss
Texas,Kentucky,0.941,21.6,33.8,12.3,46.1,W 31-14,-18,47,4.6,Win,Loss,Win
Texas A&M,Auburn,0.654,5.8,26.5,20.7,47.2,L 41-43,-2.5,48,7.8,Loss,Loss,Loss
Texas State,Georgia State,0.97,24.2,42.4,18.2,60.6,L 44-52,-23.5,59.5,32.2,Loss,Loss,Win
Texas Tech,Oklahoma State,0.688,7.2,33.2,26,59.1,W 56-48,-4.5,63.5,0.8,Win,Win,Loss
Toledo,Ohio,0.564,2.3,23.5,21.3,44.8,L 7-24,-1,46.5,19.3,Loss,Loss,Win
UCF,West Virginia,0.605,3.8,32.7,28.9,61.6,L 21-31,-3,60,13.8,Loss,Loss,Loss
UL Monroe,Arkansas State,0.656,5.8,30.1,24.3,54.3,L 21-28,3,51.5,12.8,Loss,Loss,Loss
UNLV,San Jose State,0.733,9.2,30.2,21,51.2,W 27-16,-7.5,60,1.8,Win,Win,Win
USC,UCLA,0.805,12.7,34.7,22,56.7,W 19-13,-5,52,6.7,Win,Win,Loss
Utah State,San Diego State,0.597,3.5,30.3,26.8,57.2,W 41-20,-5,60,17.5,Win,Loss,Loss
UTSA,Temple,0.745,9.7,30.3,20.6,50.9,W 51-27,-17,55.5,14.3,Win,Loss,Loss
Virginia Tech,Duke,0.684,7,24.4,17.4,41.8,L 28-31,-2.5,46,10,Loss,Loss,Loss
Washington State,Oregon State,0.768,10.8,34.6,23.8,58.4,L 38-41,-10.5,56.5,13.8,Loss,Loss,Win
Western Kentucky,Liberty,0.628,4.7,31.7,27,58.6,L 21-38,1,56,21.7,Loss,Loss,Win
Western Michigan,Central Michigan,0.662,6.1,32.4,26.3,58.7,L 14-16,-6,56,8.1,Loss,Loss,Loss
Auburn,UL Monroe,0.852,15.3,30.5,15.2,45.7,W 48-14,-24.5,45.5,18.7,Win,Loss,Win
Boise State,San Jose State,0.902,18.5,36.2,17.7,53.9,W 42-21,-14,62.5,2.5,Win,Win,Loss
Bowling Green,Western Michigan,0.775,11.1,34.7,23.6,58.3,W 31-13,-9.5,57.5,6.9,Win,Win,Loss
Buffalo,Ball State,0.68,6.8,30.7,23.9,54.6,W 51-48,-3.5,55.5,3.8,Win,Loss,Loss
BYU,Kansas,0.725,8.8,31.1,22.3,53.4,L 13-17,-3,55.5,12.8,Loss,Loss,Win
California,Syracuse,0.73,9,32.2,23.1,55.3,L 25-33,-10,58,17,Loss,Win,Push
Clemson,Pittsburgh,0.771,11,35,24,59,W 24-20,-12,51,7,Win,Win,Loss
Colorado,Utah,0.788,11.8,26.7,14.9,41.7,W 49-24,-13.5,43,13.2,Win,Loss,Loss
Colorado State,Wyoming,0.793,12.1,30.4,18.3,48.7,W 24-10,-7.5,47.5,1.9,Win,Win,Loss
East Carolina,Tulsa,0.89,17.7,35.4,17.7,53,W 38-31,-16.5,63.5,10.7,Win,Loss,Loss
Georgia,Tennessee,0.675,6.6,24,17.4,41.4,W 31-17,-7.5,47,7.4,Win,Loss,Loss
Georgia Southern,Troy,0.77,10.9,33.1,22.1,55.2,L 20-28,-7,53.5,18.9,Loss,Loss,Loss
Georgia State,Arkansas State,0.732,9.1,36.5,27.4,63.9,L 20-27,-3,59.5,16.1,Loss,Loss,Loss
Hawaii,Utah State,0.715,8.4,35.3,27,62.3,L 10-55,-2.5,62,53.4,Loss,Loss,Win
Houston,Arizona,0.529,1,25.1,24.1,49.2,L 3-27,1,47,25,Loss,Loss,Loss
Illinois,Michigan State,0.733,9.1,31,21.8,52.8,W 38-16,-1.5,47.5,12.9,Win,Win,Win
Iowa State,Cincinnati,0.703,7.8,30.4,22.6,53.1,W 34-17,-7,52.5,9.2,Win,Win,Loss
Jacksonville State,Florida International,0.768,10.8,33.6,22.7,56.3,W 34-31,-12.5,58.5,7.8,Win,Win,Loss
James Madison,Old Dominion,0.651,5.6,26.6,21,47.5,W 35-32,-1,51,2.6,Win,Win,Loss
Kansas State,Arizona State,0.625,4.6,28.8,24.2,53,L 14-24,-7.5,51.5,14.6,Loss,Win,Loss
Liberty,Massachusetts,0.895,18,37.6,19.6,57.3,W 35-34,-16.5,52.5,17,Win,Loss,Win
Louisiana,South Alabama,0.717,8.4,34.7,26.3,61,L 22-24,-6.5,60,10.4,Loss,Loss,Loss
Louisville,Stanford,0.931,20.7,37.1,16.4,53.5,L 35-38,-21,57.5,23.7,Loss,Win,Loss
LSU,Florida,0.649,5.5,29.4,23.9,53.3,L 16-27,-3.5,57,16.5,Loss,Loss,Win
Marshall,Coastal Carolina,0.685,7.1,32.6,25.5,58.1,W 31-19,-7.5,57,4.9,Win,Loss,Loss
Maryland,Rutgers,0.597,3.5,29.4,25.9,55.3,L 17-31,-4,54.5,17.5,Loss,Win,Loss
Memphis,UAB,0.902,18.6,38.4,19.8,58.2,W 53-18,-16,62,16.4,Win,Win,Loss
Miami (OH),Kent State,0.99,29.6,41.1,11.5,52.6,W 34-7,-30.5,47,2.6,Win,Win,Loss
North Carolina,Wake Forest,0.803,12.6,37.6,25,62.5,W 31-24,-11,64,5.6,Win,Loss,Win
North Texas,UTSA,0.663,6.1,33.6,27.5,61.2,L 27-48,1.5,72.5,27.1,Loss,Loss,Loss
Northern Illinois,Akron,0.849,15.2,31,15.8,46.8,W 29-16,-14,43.5,2.2,Win,Loss,Win
Notre Dame,Virginia,0.98,25.2,37.2,12,49.2,W 35-14,-20.5,51,4.2,Win,Win,Win
Ohio,Eastern Michigan,0.748,9.9,29.4,19.5,48.9,W 35-10,-10.5,51.5,15.1,Win,Loss,Win
Ohio State,Northwestern,0.99,31.8,39.2,7.3,46.5,W 31-7,-28,43.5,7.8,Win,Loss,Loss
Oregon,Wisconsin,0.872,16.6,34.4,17.8,52.2,W 16-13,-13.5,49,13.6,Win,Loss,Loss
Oregon State,Air Force,0.678,6.7,27.6,20.9,48.5,L 0-28,-3,44.5,34.7,Loss,Loss,Loss
Penn State,Purdue,0.99,35.6,48,12.4,60.5,W 49-10,-30,51.5,3.4,Win,Win,Win
Sam Houston,Kennesaw State,0.847,15,30.8,15.8,46.6,W 23-17,-21,42.5,9,Win,Win,Loss
SMU,Boston College,0.868,16.3,33.7,17.4,51.1,W 38-28,-19,55,6.3,Win,Win,Loss
South Carolina,Missouri,0.81,13,28.7,15.7,44.4,W 34-30,-10.5,42.5,9,Win,Loss,Win
South Florida,Charlotte,0.523,0.8,27.2,26.4,53.5,W 59-24,1.5,53.5,34.2,Win,Win,Win
Temple,Florida Atlantic,0.527,0.9,26.4,25.4,51.8,W 18-15,-2,49.5,2.1,Win,Loss,Loss
Texas,Arkansas,0.956,22.9,37.2,14.3,51.5,W 20-10,-12.5,56.5,12.9,Win,Loss,Win
Texas A&M,New Mexico State,0.99,40.4,44.4,4.1,48.5,W 38-3,-38.5,54,5.4,Win,Loss,Win
Texas State,Southern Mississippi,0.99,32.6,44.7,12.1,56.8,W 58-3,-27.5,56.5,22.4,Win,Win,Win
Toledo,Central Michigan,0.843,14.8,32.7,17.9,50.5,W 37-10,-14.5,52,12.2,Win,Win,Win
Tulane,Navy,0.567,2.4,29.3,26.9,56.1,W 35-0,-7,49,32.6,Win,Loss,Loss
UNLV,San Diego State,0.946,21.9,34.9,12.9,47.8,W 41-20,-21.5,55.5,0.9,Win,Loss,Loss
USC,Nebraska,0.714,8.3,30.3,22,52.3,W 28-20,-6.5,51,0.3,Win,Win,Loss
Washington,UCLA,0.635,5,27.9,22.9,50.9,W 31-19,-4.5,46.5,7,Win,Win,Win
Washington State,New Mexico,0.882,17.2,42.4,25.2,67.6,L 35-38,-10.5,72.5,20.2,Loss,Loss,Loss
West Virginia,Baylor,0.538,1.3,30.7,29.3,60,L 35-49,2,59.5,15.3,Loss,Loss,Win
Western Kentucky,Louisiana Tech,0.883,17.3,34.8,17.5,52.3,L 7-12,-12,52.5,22.3,Loss,Loss,Win
Alabama,LSU,0.531,1.1,28.5,27.5,56,W 42-13,-3,59.5,27.9,Win,Loss,Win
Arizona State,UCF,0.539,1.4,30.3,28.9,59.2,W 35-31,-2.5,55.5,2.6,Win,Loss,Win
Army,North Texas,0.806,12.7,38.9,26.2,65.1,W 14-3,-6.5,68,1.7,Win,Win,Win
Boise State,Nevada,0.99,31.7,47.9,16.3,64.2,W 28-21,-22.5,61.5,24.7,Win,Loss,Loss
Boston College,Syracuse,0.556,2,28.6,26.7,55.3,W 37-31,-3,51.5,4,Win,Loss,Win
Bowling Green,Central Michigan,0.807,12.8,33.2,20.4,53.7,W 23-13,-16,48.5,2.8,Win,Win,Loss
BYU,Utah,0.771,11,24.6,13.7,38.3,W 22-21,-3,41,10,Win,Loss,Loss
California,Wake Forest,0.748,9.8,32.5,22.6,55.1,W 46-36,-7,55.5,0.2,Win,Win,Loss
Cincinnati,West Virginia,0.709,8.1,35,27,62,L 24-31,-5,54.5,15.1,Loss,Loss,Win
Clemson,Virginia Tech,0.639,5.1,31.2,26,57.2,W 24-14,-5.5,54.5,4.9,Win,Loss,Loss
Coastal Carolina,Appalachian State,0.649,5.5,33.5,27.9,61.4,W 38-24,2,62.5,8.5,Win,Win,Win
Colorado,Texas Tech,0.556,2,27.2,25.2,52.3,W 41-27,-4.5,62,12,Win,Loss,Loss
Connecticut,UAB,0.746,9.8,30.7,21,51.7,W 31-23,-8,54,1.8,Win,Push,Push
Duke,NC State,0.538,1.3,25.8,24.5,50.3,W 29-19,3,51.5,8.7,Win,Win,Win
East Carolina,Florida Atlantic,0.65,5.6,28.4,22.8,51.2,W 49-14,-8,58,29.4,Win,Loss,Loss
Fresno State,Air Force,0.755,10.2,25.2,15,40.2,L 28-36,-9.5,40.5,18.2,Loss,Loss,Loss
Indiana,Michigan,0.862,15.9,36.9,21,57.9,W 20-15,-14.5,47.5,10.9,Win,Loss,Loss
Iowa,UCLA,0.793,12.1,32.2,20.1,52.4,L 17-20,-6.5,45.5,15.1,Loss,Loss,Loss
Iowa State,Kansas,0.744,9.7,31,21.3,52.3,L 36-45,-2,52.5,18.7,Loss,Loss,Loss
Jacksonville State,Louisiana Tech,0.758,10.4,33.4,23.1,56.5,W 44-37,-10,55.5,3.4,Win,Loss,Win
James Madison,Georgia State,0.914,19.4,36.8,17.4,54.3,W 38-7,-14.5,53.5,11.6,Win,Win,Loss
Liberty,Middle Tennessee,0.822,13.6,37.3,23.7,61,W 37-17,-13,54.5,6.4,Win,Win,Loss
Louisiana,Arkansas State,0.896,18.2,40.4,22.2,62.6,W 55-19,-14,60,17.8,Win,Win,Win
Marshall,Southern Mississippi,0.93,20.6,40.4,19.7,60.1,W 37-3,-13.5,53.5,13.4,Win,Win,Loss
Memphis,Rice,0.822,13.6,31.4,17.7,49.1,W 27-20,-7,50.5,6.6,Win,Push,Win
Miami,Georgia Tech,0.837,14.5,40.4,25.9,66.3,L 23-28,-9.5,65,19.5,Loss,Loss,Loss
Miami (OH),Ball State,0.793,12.1,32.2,20.1,52.3,W 27-21,-13,48,6.1,Win,Win,Push
Minnesota,Rutgers,0.701,7.7,28.8,21.1,49.9,L 19-26,-6.5,44.5,14.7,Loss,Loss,Win
Navy,South Florida,0.696,7.5,33.2,25.7,58.9,W 28-7,-4.5,58.5,13.5,Win,Win,Loss
Northern Illinois,Western Michigan,0.535,1.2,25.6,24.4,50,W 42-28,-2,52,12.8,Win,Loss,Loss
Notre Dame,Florida State,0.99,29,37.5,8.5,46,W 52-3,-26,43.5,20,Win,Win,Win
Ohio,Kent State,0.921,19.9,38,18,56,W 41-0,-20.5,53,21.1,Win,Loss,Loss
Ohio State,Purdue,0.99,45.1,52.5,7.4,59.9,W 45-0,-37,56,0.1,Win,Win,Loss
Oklahoma,Missouri,0.512,0.4,22.8,22.4,45.2,L 23-30,-3.5,42.5,7.4,Loss,Win,Win
Ole Miss,Georgia,0.56,2.1,26,23.9,49.9,W 28-10,2,55.5,15.9,Win,Win,Win
Oregon,Maryland,0.99,27.7,41.7,14,55.7,W 39-18,-24,58,6.7,Win,Loss,Win
Oregon State,San Jose State,0.69,7.2,30.8,23.6,54.4,L 13-24,-3,59,18.2,Loss,Loss,Win
Penn State,Washington,0.839,14.5,32.1,17.5,49.6,W 35-6,-13,47.5,14.5,Win,Win,Loss
Pittsburgh,Virginia,0.739,9.5,30.7,21.3,52,L 19-24,-7.5,57,14.5,Loss,Loss,Win
San Diego State,New Mexico,0.626,4.6,32.4,27.8,60.2,L 16-21,-1.5,65,9.6,Loss,Loss,Win
South Carolina,Vanderbilt,0.681,6.8,28.8,22,50.8,W 28-7,-6,44.5,14.2,Win,Win,Loss
TCU,Oklahoma State,0.67,6.4,36.1,29.7,65.8,W 38-13,-10.5,69,18.6,Win,Loss,Win
Tennessee,Mississippi State,0.99,27.8,42.4,14.6,57,W 33-14,-26,61,8.8,Win,Loss,Win
Texas,Florida,0.835,14.3,31.3,17,48.4,W 49-17,-23,49.5,17.7,Win,Loss,Loss
Texas State,UL Monroe,0.7,7.7,30.2,22.5,52.6,W 38-17,-9.5,50,13.3,Win,Loss,Win
Tulane,Temple,0.99,28.1,38.9,10.8,49.7,W 52-6,-26,50.5,17.9,Win,Win,Loss
UNLV,Hawaii,0.86,15.8,34.8,19,53.9,W 29-27,-12,51.5,13.8,Win,Loss,Win
UTEP,Kennesaw State,0.64,5.2,24.5,19.3,43.8,W 43-35,-4.5,42,2.8,Win,Win,Win
Washington State,Utah State,0.99,26.8,46.1,19.3,65.3,W 49-28,-20.5,68.5,5.8,Win,Win,Loss
Western Kentucky,New Mexico State,0.937,21.2,37.9,16.8,54.7,W 41-28,-18,53,8.2,Win,Loss,Win
Army,Air Force,0.975,24.7,37.7,13,50.8,W 20-3,-18,37.5,7.7,Win,Loss,Loss
Auburn,Vanderbilt,0.59,3.2,28.7,25.5,54.2,L 7-17,-8.5,48,13.2,Loss,Win,Loss
Baylor,TCU,0.702,7.8,34,26.2,60.3,W 37-34,-2.5,64,4.8,Win,Win,Loss
Boise State,San Diego State,0.99,28.5,40.4,11.9,52.3,W 56-24,-24,55.5,3.5,Win,Win,Loss
Buffalo,Akron,0.571,2.5,26.9,24.3,51.2,W 41-30,-1,48,8.5,Win,Win,Win
Clemson,Louisville,0.769,10.9,38.1,27.3,65.4,L 21-33,-10.5,62.5,22.9,Loss,Loss,Loss
Coastal Carolina,Troy,0.627,4.7,29.3,24.6,53.8,L 24-38,-4,51.5,18.7,Loss,Loss,Win
Connecticut,Georgia State,0.652,5.7,28.9,23.3,52.2,W 34-27,-7,48,1.3,Win,Push,Win
Florida International,New Mexico State,0.773,11.1,29.1,18,47.1,W 34-13,-7,43.5,9.9,Win,Win,Win
Fresno State,Hawaii,0.824,13.7,32.1,18.4,50.5,L 20-21,-12,45.5,14.7,Loss,Loss,Loss
Georgia,Florida,0.826,13.8,32,18.1,50.1,W 34-20,-14.5,52.5,0.2,Win,Win,Loss
Indiana,Michigan State,0.878,16.9,39.2,22.3,61.5,W 47-10,-7.5,53.5,20.1,Win,Win,Win
Iowa,Wisconsin,0.599,3.6,25.2,21.6,46.8,W 42-10,-2.5,40.5,28.4,Win,Win,Win
Iowa State,Texas Tech,0.856,15.6,33.1,17.5,50.6,L 22-23,-13.5,56,16.6,Loss,Loss,Win
Kansas State,Houston,0.866,16.1,33,16.8,49.8,L 19-24,-13,45.5,21.1,Loss,Loss,Loss
Liberty,Jacksonville State,0.563,2.2,32.8,30.5,63.3,L 21-31,-2.5,64,12.2,Loss,Win,Win
Marshall,UL Monroe,0.76,10.4,31.2,20.8,52,W 28-23,-10.5,48,5.4,Win,Win,Win
Memphis,UTSA,0.848,15.1,35.5,20.4,56,L 36-44,-7,62,23.1,Loss,Loss,Loss
Miami,Duke,0.932,20.8,38.7,17.9,56.6,W 53-31,-21,56,1.2,Win,Loss,Win
Minnesota,Illinois,0.581,2.9,26.9,24,50.9,W 25-17,-3,47,5.1,Win,Loss,Loss
Mississippi State,Massachusetts,0.971,24.3,43.6,19.3,62.8,W 45-20,-19,59,0.7,Win,Win,Win
Navy,Rice,0.924,20.2,36.2,16,52.2,L 10-24,-13,49.5,34.2,Loss,Loss,Loss
NC State,Stanford,0.629,4.7,25.6,20.9,46.5,W 59-28,-9.5,46.5,26.3,Win,Loss,Win
Nebraska,UCLA,0.798,12.3,30,17.7,47.7,L 20-27,-7.5,38.5,19.3,Loss,Loss,Win
Nevada,Colorado State,0.544,1.6,28.9,27.4,56.3,L 21-38,2.5,45.5,18.6,Loss,Loss,Win
New Mexico,Wyoming,0.659,6,32.4,26.5,58.9,L 45-49,-9,61,10,Loss,Win,Loss
North Carolina,Florida State,0.624,4.6,28.9,24.3,53.1,W 35-11,-2.5,50.5,19.4,Win,Win,Loss
Northwestern,Purdue,0.661,6,29.2,23.1,52.3,W 26-20,2.5,44,0,Win,Win,Win
Ohio State,Penn State,0.676,6.7,31.3,24.7,56,W 20-13,-3,47,0.3,Win,Win,Loss
Oklahoma State,Arizona State,0.503,0.1,29.6,29.5,59.1,L 21-42,5,57.5,21.1,Loss,Loss,Win
Old Dominion,Appalachian State,0.741,9.6,33,23.5,56.5,L 20-28,-3,58,17.6,Loss,Loss,Win
Ole Miss,Arkansas,0.796,12.2,32.2,19.9,52.1,W 63-31,-8,54,19.8,Win,Win,Loss
Oregon,Michigan,0.857,15.6,32.6,16.9,49.5,W 38-17,-14.5,45,5.4,Win,Win,Win
Sam Houston,Louisiana Tech,0.779,11.4,31.5,20.1,51.7,W 9-3,-11,45.5,5.4,Win,Loss,Loss
SMU,Pittsburgh,0.664,6.2,28.5,22.4,50.9,W 48-25,-7,56,16.8,Win,Loss,Loss
South Alabama,Georgia Southern,0.658,5.9,30.9,25,55.9,L 30-34,-6,60,9.9,Loss,Win,Loss
South Florida,Florida Atlantic,0.52,0.7,25.6,24.9,50.5,W 44-21,-1.5,48,22.3,Win,Loss,Win
Tennessee,Kentucky,0.853,15.4,29.6,14.2,43.8,W 28-18,-17.5,45.5,5.4,Win,Win,Loss
Texas A&M,South Carolina,0.529,1,23,22,45,L 20-44,-3,44,25,Loss,Win,Win
Texas State,Louisiana,0.638,5.1,33.6,28.5,62.1,L 17-23,-4.5,60.5,11.1,Loss,Loss,Loss
Toledo,Eastern Michigan,0.66,6,27.7,21.7,49.5,W 29-28,-10,54.5,5,Win,Win,Loss
Tulane,Charlotte,0.848,15.1,34.6,19.6,54.2,W 34-3,-14.5,55,15.9,Win,Win,Win
UAB,Tulsa,0.554,1.9,27.1,25.2,52.3,W 59-21,-2.5,57.5,36.1,Win,Loss,Loss
UCF,Arizona,0.717,8.4,32.1,23.7,55.8,W 56-12,-6,55,35.6,Win,Win,Win
USC,Washington,0.669,6.4,30.5,24.1,54.6,L 21-26,-2.5,55.5,11.4,Loss,Loss,Win
UTEP,Middle Tennessee,0.686,7.1,31.2,24.2,55.4,L 13-20,-1.5,49,14.1,Loss,Loss,Loss
Virginia Tech,Syracuse,0.775,11.2,32.9,21.7,54.5,L 31-38,-3,51.5,18.2,Loss,Loss,Win
Western Kentucky,Kennesaw State,0.985,25.9,38,12.1,50.1,W 31-14,-24,49,8.9,Win,Loss,Loss
Alabama,Missouri,0.836,14.4,33.9,19.4,53.3,W 34-0,-16,51,19.6,Win,Loss,Loss
Arkansas,Mississippi State,0.61,4,30.3,26.3,56.7,W 58-25,-7.5,55,29,Win,Loss,Win
Baylor,Oklahoma State,0.627,4.7,33.1,28.4,61.5,W 38-28,-7,64.5,5.3,Win,Loss,Loss
Boise State,UNLV,0.693,7.4,31.9,24.5,56.4,W 29-24,-4,63.5,2.4,Win,Win,Win
BYU,UCF,0.621,4.4,28.5,24.1,52.6,W 37-24,3,53.5,8.6,Win,Win,Loss
California,Oregon State,0.608,3.9,29.7,25.8,55.5,W 44-7,-13,50.5,33.1,Win,Loss,Win
Colorado,Cincinnati,0.557,2,28.7,26.7,55.5,W 34-23,-6,57,9,Win,Loss,Push
Colorado State,New Mexico,0.651,5.6,34.8,29.2,64,W 17-6,-4,62,5.4,Win,Win,Loss
Connecticut,Rice,0.813,13.1,30.4,17.3,47.7,W 17-10,-6.5,46.5,6.1,Win,Win,Loss
East Carolina,Temple,0.631,4.8,25.7,20.9,46.7,W 56-34,-9.5,48.5,17.2,Win,Loss,Loss
Eastern Michigan,Akron,0.674,6.6,28.7,22.1,50.9,L 21-25,-2.5,50.5,10.6,Loss,Loss,Loss
Fresno State,San Jose State,0.581,2.9,26.4,23.5,49.8,W 33-10,-6.5,55,20.1,Win,Loss,Win
Georgia Southern,Old Dominion,0.542,1.5,26.5,25,51.5,L 19-47,-1,51.5,29.5,Loss,Loss,Loss
Georgia State,Appalachian State,0.505,0.2,30.3,30.1,60.4,L 26-33,7.5,59,7.2,Loss,Win,Push
Indiana,Washington,0.731,9.1,36.4,27.3,63.6,W 31-17,-5,54,4.9,Win,Win,Loss
Iowa,Northwestern,0.799,12.4,27.5,15.1,42.6,W 40-14,-16.5,38,13.6,Win,Loss,Win
Jacksonville State,Middle Tennessee,0.918,19.7,40.8,21.1,61.9,W 42-20,-20.5,64,2.3,Win,Loss,Win
James Madison,Southern Mississippi,0.99,37.9,46.9,9,55.9,W 32-15,-24,54,20.9,Win,Loss,Loss
Kansas State,Kansas,0.86,15.8,37.2,21.4,58.6,W 29-27,-9.5,56.5,13.8,Win,Loss,Loss
Kentucky,Auburn,0.66,6,25.4,19.4,44.8,L 10-24,-2,44,20,Loss,Loss,Loss
Liberty,Kennesaw State,0.916,19.5,35.7,16.2,51.8,L 24-27,-26.5,48,22.5,Loss,Win,Win
Louisiana Tech,UTEP,0.655,5.8,28.3,22.6,50.9,W 14-10,-6.5,49,1.8,Win,Win,Loss
Louisville,Boston College,0.756,10.3,33.7,23.5,57.2,W 31-27,-7,53.5,6.3,Win,Loss,Win
LSU,Texas A&M,0.603,3.7,30.2,26.5,56.7,L 23-38,2,54.5,18.7,Loss,Loss,Win
Memphis,Charlotte,0.931,20.7,38.6,17.9,56.5,W 33-28,-17,56.5,15.7,Win,Loss,Loss
Miami,Florida State,0.927,20.4,38.4,18,56.5,W 36-14,-23,54.5,1.6,Win,Win,Loss
Miami (OH),Central Michigan,0.838,14.5,33,18.5,51.5,W 46-7,-10.5,49,24.5,Win,Win,Win
Michigan,Michigan State,0.824,13.7,29.9,16.2,46.1,W 24-17,-3,38.5,6.7,Win,Win,Win
Minnesota,Maryland,0.563,2.2,25.4,23.2,48.6,W 48-23,-6,45,22.8,Win,Loss,Win
Nevada,Hawaii,0.667,6.3,32.6,26.3,58.8,L 13-34,2.5,41.5,27.3,Loss,Loss,Win
Northern Illinois,Ball State,0.803,12.6,30.8,18.2,49,L 23-25,-13.5,47,14.6,Loss,Win,Win
Notre Dame,Navy,0.794,12.1,31.9,19.7,51.6,W 51-14,-14,50.5,24.9,Win,Loss,Win
Ohio,Buffalo,0.592,3.3,25.5,22.2,47.6,W 47-16,-3.5,46.5,27.7,Win,Loss,Win
Ohio State,Nebraska,0.99,28.6,40.3,11.7,52,W 21-17,-25,48.5,24.6,Win,Loss,Loss
Ole Miss,Oklahoma,0.849,15.2,31.7,16.5,48.2,W 26-14,-19,50,3.2,Win,Win,Win
Oregon,Illinois,0.979,25.1,40.2,15.1,55.3,W 38-9,-23,53.5,3.9,Win,Win,Loss
Penn State,Wisconsin,0.644,5.4,28.6,23.3,51.9,W 28-13,-6.5,46.5,9.6,Win,Loss,Loss
Pittsburgh,Syracuse,0.66,6,32.5,26.5,59,W 41-13,-5,62.5,22,Win,Win,Win
Sam Houston,Florida International,0.627,4.7,27.3,22.6,49.8,W 10-7,-5,47,1.7,Win,Win,Loss
SMU,Duke,0.738,9.4,28,18.6,46.6,W 28-27,-11,49.5,8.4,Win,Win,Loss
South Alabama,UL Monroe,0.666,6.2,26.8,20.5,47.3,W 46-17,-7,45.5,22.8,Win,Loss,Win
Texas,Vanderbilt,0.951,22.4,39.2,16.8,56,W 27-24,-17,51,19.4,Win,Loss,Push
Texas Tech,TCU,0.516,0.6,29,28.4,57.4,L 34-35,4.5,67,1.6,Loss,Win,Loss
Toledo,Bowling Green,0.652,5.7,27,21.4,48.4,L 26-41,-2,48,20.7,Loss,Loss,Win
Troy,Arkansas State,0.55,1.8,29.3,27.5,56.8,L 31-34,7.5,50,4.8,Loss,Win,Win
Tulane,North Texas,0.711,8.2,34.9,26.7,61.7,W 45-37,-7,70,0.2,Win,Win,Loss
USC,Rutgers,0.865,16.1,36.3,20.3,56.6,W 42-20,-14,56.5,5.9,Win,Win,Win
Utah,Houston,0.665,6.2,22.7,16.6,39.3,L 14-17,-5,36,9.2,Loss,Loss,Loss
UTSA,Tulsa,0.695,7.5,29.1,21.6,50.7,L 45-46,-9.5,53,8.5,Loss,Win,Loss
Virginia,North Carolina,0.609,4,30.8,26.9,57.7,L 14-41,-3.5,59,31,Loss,Loss,Win
Virginia Tech,Georgia Tech,0.697,7.6,33.4,25.8,59.2,W 21-6,-11,52,7.4,Win,Loss,Loss
Wake Forest,Stanford,0.509,0.3,27.3,27,54.2,W 27-24,-3,53,2.7,Win,Push,Loss
Washington State,San Diego State,0.884,17.3,33.2,15.9,49.1,W 29-26,-17,56.5,14.3,Win,Loss,Win
West Virginia,Arizona,0.522,0.7,28,27.2,55.2,W 31-26,5.5,51.5,4.3,Win,Win,Win
Western Michigan,Kent State,0.918,19.7,43.3,23.6,66.8,W 52-21,-18.5,60.5,11.3,Win,Win,Win
Wyoming,Utah State,0.607,3.9,31.3,27.4,58.7,L 25-27,2.5,57,5.9,Loss,Win,Loss
Alabama,Tennessee,0.538,1.3,25.6,24.2,49.8,L 17-24,-3.5,58,8.3,Loss,Win,Win
Arizona,Colorado,0.593,3.4,28.9,25.5,54.4,L 7-34,-2.5,58,30.4,Loss,Loss,Win
Arkansas State,Southern Mississippi,0.681,6.9,33.2,26.3,59.5,W 44-28,-7,56.5,9.1,Win,Loss,Win
Army,East Carolina,0.977,24.9,38.6,13.7,52.2,W 45-28,-17.5,54,7.9,Win,Loss,Loss
Bowling Green,Kent State,0.971,24.3,42.1,17.8,59.8,W 27-6,-24,54,3.3,Win,Loss,Loss
Buffalo,Western Michigan,0.677,6.7,29.8,23.1,52.9,L 41-48,1.5,49.5,13.7,Loss,Loss,Win
BYU,Oklahoma State,0.81,13,31.7,18.8,50.5,W 38-35,-8,53,10,Win,Loss,Loss
California,NC State,0.821,13.5,31.4,17.9,49.3,L 23-24,-9,45.5,14.5,Loss,Loss,Win
Cincinnati,Arizona State,0.572,2.6,29.6,27,56.6,W 24-14,-5.5,51,7.4,Win,Loss,Loss
Clemson,Virginia,0.915,19.5,38.1,18.6,56.8,W 48-31,-20.5,57.5,2.5,Win,Win,Loss
Colorado State,Air Force,0.536,1.3,23.9,22.7,46.6,W 21-13,-6,44,6.7,Win,Loss,Loss
Duke,Florida State,0.565,2.3,24.4,22.1,46.5,W 23-16,-2.5,43,4.7,Win,Loss,Loss
Eastern Michigan,Central Michigan,0.69,7.2,30.9,23.7,54.6,W 38-34,-3.5,52.5,3.2,Win,Win,Win
Florida Atlantic,UTSA,0.538,1.3,26.5,25.2,51.7,L 24-38,4.5,52.5,15.3,Loss,Loss,Loss
Florida International,UTEP,0.654,5.8,27.8,22,49.7,L 21-30,-7,47,14.8,Loss,Win,Win
Fresno State,Nevada,0.572,2.6,28.3,25.8,54.1,W 24-21,-3,50,0.4,Win,Push,Loss
Indiana,Nebraska,0.637,5,31.2,26.1,57.3,W 56-7,-6.5,48,44,Win,Loss,Win
Iowa,Michigan State,0.862,15.9,29.7,13.8,43.4,L 20-32,-6.5,39.5,27.9,Loss,Loss,Win
Iowa State,UCF,0.866,16.1,36.2,20,56.2,W 38-35,-13.5,50,13.1,Win,Loss,Win
James Madison,Georgia Southern,0.826,13.8,34.5,20.6,55.1,L 14-28,-10,58.5,27.8,Loss,Loss,Win
Kansas,Houston,0.662,6.1,27.9,21.8,49.7,W 42-14,-5,45,21.9,Win,Win,Win
Kansas State,West Virginia,0.689,7.2,33.5,26.3,59.8,W 45-18,-2.5,56,19.8,Win,Win,Win
Kentucky,Florida,0.528,1,25.4,24.5,49.9,L 20-48,-2.5,42,29,Loss,Win,Win
Louisiana,Coastal Carolina,0.506,0.2,29.3,29.1,58.4,W 34-24,-6.5,57,9.8,Win,Loss,Win
Louisiana Tech,New Mexico State,0.671,6.4,29,22.5,51.5,L 30-33,-12,49,9.4,Loss,Win,Win
LSU,Arkansas,0.775,11.2,34.4,23.2,57.7,W 34-10,-3,57,12.8,Win,Win,Loss
Marshall,Georgia State,0.712,8.2,32.3,24.1,56.5,W 35-20,-9,51.5,6.8,Win,Loss,Win
Memphis,North Texas,0.801,12.5,37.8,25.3,63,W 52-44,-11,68,4.5,Win,Loss,Loss
Miami,Louisville,0.534,1.2,31.8,30.6,62.5,W 52-45,-4,61,5.8,Win,Loss,Win
Miami (OH),Ohio,0.642,5.3,25.5,20.2,45.6,W 30-20,-3.5,43.5,4.7,Win,Win,Win
Michigan,Illinois,0.749,9.9,29.9,20,49.9,L 7-21,-5,44.5,23.9,Loss,Loss,Loss
Middle Tennessee,Kennesaw State,0.645,5.4,32.8,27.4,60.1,W 14-5,-8,50,3.6,Win,Loss,Loss
Missouri,Auburn,0.682,6.9,27.9,21,49,W 21-17,-3.5,49,2.9,Win,Win,Win
Navy,Charlotte,0.936,21.1,40.3,19.2,59.6,W 51-17,-16.5,57.5,12.9,Win,Win,Win
New Mexico,Utah State,0.545,1.6,37,35.4,72.4,W 50-45,1,78.5,3.4,Win,Win,Loss
Northern Illinois,Toledo,0.532,1.1,24.9,23.8,48.7,L 6-13,-3,42.5,8.1,Loss,Win,Loss
Notre Dame,Georgia Tech,0.798,12.3,33.6,21.3,54.9,W 31-13,-14,50,5.7,Win,Loss,Loss
Oklahoma,South Carolina,0.655,5.8,25.2,19.4,44.5,L 9-35,1,40,31.8,Loss,Loss,Win
Oregon,Purdue,0.99,34.1,47.4,13.3,60.8,W 35-0,-30,61,0.9,Win,Win,Win
Oregon State,UNLV,0.554,1.9,29.5,27.6,57.2,L 25-33,6.5,61.5,9.9,Loss,Loss,Win
Rutgers,UCLA,0.674,6.6,27.1,20.5,47.6,L 32-35,-4,42.5,9.6,Loss,Loss,Win
San Jose State,Wyoming,0.785,11.7,31.7,20,51.7,W 24-14,-12.5,53,1.7,Win,Win,Win
SMU,Stanford,0.883,17.3,33.9,16.6,50.5,W 40-10,-16.5,52.5,12.7,Win,Win,Win
South Alabama,Troy,0.605,3.8,30.8,27,57.8,W 25-9,-10,53.5,12.2,Win,Loss,Loss
South Florida,UAB,0.894,18,38.5,20.5,59,W 35-25,-14,55.5,8,Win,Loss,Win
Temple,Tulsa,0.714,8.3,28,19.7,47.7,W 20-10,-3,51.5,1.7,Win,Win,Win
Texas,Georgia,0.657,5.9,30.3,24.4,54.7,L 15-30,-4,57,20.9,Loss,Loss,Win
Texas A&M,Mississippi State,0.852,15.4,35.7,20.4,56.1,W 34-24,-21,55,5.4,Win,Win,Win
Texas State,Old Dominion,0.73,9,31.6,22.6,54.2,L 14-24,-10.5,60.5,19,Loss,Win,Win
Texas Tech,Baylor,0.748,9.9,31,21.2,52.2,L 35-59,-5,56.5,33.9,Loss,Loss,Loss
Tulane,Rice,0.99,28.8,40.5,11.7,52.2,W 24-10,-22.5,53.5,14.8,Win,Loss,Win
USC,Maryland,0.761,10.5,33.4,22.9,56.4,L 28-29,-7,56,11.5,Loss,Loss,Win
Utah,TCU,0.685,7,28.7,21.7,50.3,L 7-13,-3.5,52,13,Loss,Loss,Win
Vanderbilt,Ball State,0.99,26.4,42.6,16.1,58.7,W 24-14,-27.5,57,16.4,Win,Win,Loss
Virginia Tech,Boston College,0.735,9.2,31.1,21.8,52.9,W 42-21,-8.5,48,11.8,Win,Win,Win
Wake Forest,Connecticut,0.57,2.5,30.4,27.9,58.3,W 23-20,-2.5,56,0.5,Win,Loss,Loss
Washington State,Hawaii,0.971,24.3,40,15.7,55.8,W 42-10,-18,55.5,7.7,Win,Win,Loss
Western Kentucky,Sam Houston,0.594,3.4,27.8,24.4,52.2,W 31-14,1,54.5,13.6,Win,Win,Win
Wisconsin,Northwestern,0.708,8,27.1,19,46.1,W 23-3,-9.5,42,12,Win,Loss,Loss
Air Force,New Mexico,0.605,3.8,29,25.2,54.2,L 37-52,7,55.5,18.8,Loss,Loss,Loss
Alabama,South Carolina,0.896,18.1,32.7,14.6,47.3,W 27-25,-21,50,16.1,Win,Win,Loss
Arizona State,Utah,0.512,0.4,22.5,22.1,44.5,W 27-19,6,46,7.6,Win,Win,Push
Army,UAB,0.979,25.1,41.1,16,57.1,W 44-10,-26.5,55,8.9,Win,Loss,Loss
Ball State,Kent State,0.66,6,33.3,27.3,60.6,W 37-35,-3,57.5,4,Win,Loss,Win
Boise State,Hawaii,0.98,25.3,40.8,15.5,56.3,W 28-7,-21,60,4.3,Win,Push,Win
Bowling Green,Northern Illinois,0.597,3.5,26.8,23.3,50.2,L 7-17,-3.5,46.5,13.5,Loss,Win,Loss
BYU,Arizona,0.696,7.5,27.9,20.4,48.2,W 41-19,-2.5,48,14.5,Win,Win,Win
California,Pittsburgh,0.508,0.3,26,25.7,51.8,L 15-17,3.5,57.5,2.3,Loss,Win,Win
Clemson,Wake Forest,0.895,18,40.2,22.1,62.3,W 49-14,-21,64,17,Win,Loss,Win
Georgia,Mississippi State,0.99,34,44.6,10.5,55.1,W 41-31,-33,53.5,24,Win,Loss,Win
Georgia Southern,Marshall,0.506,0.2,30.2,30,60.3,W 24-23,-1,58,0.8,Win,Push,Loss
Georgia State,Old Dominion,0.546,1.6,27.6,26,53.6,L 14-21,-3,53.5,8.6,Loss,Win,Loss
Illinois,Purdue,0.893,17.9,37,19.1,56.1,W 50-49,-22.5,47.5,16.9,Win,Win,Win
Iowa State,West Virginia,0.662,6.1,31.1,25,56.1,W 28-16,-3,53.5,5.9,Win,Win,Loss
Jacksonville State,New Mexico State,0.859,15.8,35.6,19.8,55.4,W 54-13,-21,58.5,25.2,Win,Loss,Loss
James Madison,Coastal Carolina,0.825,13.8,34.8,21.1,55.9,W 39-7,-7,58.5,18.2,Win,Win,Win
Kansas State,Colorado,0.795,12.2,33.6,21.4,55,W 31-28,-3.5,55.5,9.2,Win,Loss,Loss
Kentucky,Vanderbilt,0.844,14.9,33.4,18.5,51.9,L 13-20,-13,44.5,21.9,Loss,Loss,Loss
Liberty,Florida International,0.869,16.4,35.3,18.9,54.2,W 31-24,-16,55.5,9.4,Win,Loss,Win
Louisiana,Appalachian State,0.836,14.4,40.1,25.6,65.7,W 34-24,-10.5,64.5,4.4,Win,Loss,Loss
Louisiana Tech,Middle Tennessee,0.589,3.2,29.6,26.4,56,W 48-21,-5,48,23.8,Win,Loss,Win
Louisville,Virginia,0.679,6.8,31.4,24.6,56,W 24-20,-7,54,2.8,Win,Win,Loss
Maryland,Northwestern,0.787,11.8,30.4,18.6,49,L 10-37,-10.5,44.5,38.8,Loss,Loss,Win
Memphis,South Florida,0.757,10.3,37,26.7,63.6,W 21-3,-10,60.5,7.7,Win,Win,Loss
Miami (OH),Eastern Michigan,0.534,1.2,23.7,22.6,46.3,W 38-14,-3,45.5,22.8,Win,Loss,Win
Minnesota,UCLA,0.673,6.5,26.5,20,46.5,W 21-17,-3.5,39.5,2.5,Win,Win,Loss
Missouri,Massachusetts,0.99,30.4,42.3,11.9,54.2,W 45-3,-27,53.5,11.6,Win,Win,Loss
North Carolina,Georgia Tech,0.541,1.4,32,30.6,62.6,L 34-41,3.5,60,8.4,Loss,Loss,Win
North Texas,Florida Atlantic,0.61,4,31.4,27.4,58.8,W 41-37,-5,58.5,0,Win,Win,Win
Notre Dame,Stanford,0.979,25.1,35.4,10.2,45.6,W 49-7,-22.5,46,16.9,Win,Win,Loss
Ohio,Central Michigan,0.694,7.4,30.2,22.7,52.9,W 27-25,-3,50.5,5.4,Win,Loss,Win
Ohio State,Oregon,0.539,1.4,29.1,27.8,56.9,L 31-32,-3.5,54.5,2.4,Loss,Win,Win
Ole Miss,LSU,0.542,1.5,32.4,31,63.4,L 26-29,-4,64,4.5,Loss,Win,Win
Oregon State,Nevada,0.828,13.9,35.3,21.4,56.6,L 37-42,-3,46.5,18.9,Loss,Loss,Win
Penn State,USC,0.558,2.1,30.2,28.1,58.3,W 33-30,-4,52,0.9,Win,Win,Win
San Jose State,Colorado State,0.706,8,30.2,22.3,52.5,L 24-31,3,55.5,15,Loss,Loss,Win
Syracuse,NC State,0.541,1.4,27.7,26.3,54,W 24-17,-1,51.5,5.6,Win,Win,Loss
Tennessee,Florida,0.857,15.6,34.7,19.1,53.8,W 23-17,-14,56,9.6,Win,Loss,Win
Texas,Oklahoma,0.809,12.9,32.9,20,52.9,W 34-3,-17,49,18.1,Win,Loss,Loss
Texas State,Arkansas State,0.855,15.5,36.7,21.2,58,W 41-9,-13.5,66,16.5,Win,Win,Win
Toledo,Buffalo,0.748,9.9,27.9,18.1,46,L 15-30,-10.5,44.5,24.9,Loss,Win,Win
UCF,Cincinnati,0.531,1.1,31.7,30.6,62.3,L 13-19,-2.5,58,7.1,Loss,Win,Loss
UL Monroe,Southern Mississippi,0.906,18.8,33.8,14.9,48.7,W 38-21,-4.5,41,1.8,Win,Win,Win
UNLV,Utah State,0.909,19,39.8,20.8,60.6,W 50-34,-19,67,3,Win,Loss,Loss
UTSA,Rice,0.612,4.1,27.7,23.6,51.4,L 27-29,-3.5,51,6.1,Loss,Loss,Win
Washington,Iowa,0.569,2.5,24.3,21.8,46.1,L 16-40,3,41.5,26.5,Loss,Loss,Win
Washington State,Fresno State,0.715,8.3,30.6,22.2,52.8,W 25-17,-3.5,60.5,0.3,Win,Win,Win
Western Kentucky,UTEP,0.935,21,36.3,15.3,51.6,W 44-17,-18.5,56,6,Win,Win,Loss
Western Michigan,Akron,0.775,11.2,34.8,23.6,58.4,W 34-24,-9,48,1.2,Win,Win,Win
Wisconsin,Rutgers,0.543,1.5,25.3,23.8,49.1,W 42-7,1,43.5,33.5,Win,Win,Win
Wyoming,San Diego State,0.532,1.1,24.2,23.1,47.3,L 24-27,-1.5,43,4.1,Loss,Win,Win
Alabama,Vanderbilt,0.99,28.1,40.7,12.6,53.2,L 35-40,-23,53,33.1,Loss,Loss,Win
Arizona,Texas Tech,0.538,1.3,28.4,27.1,55.5,L 22-28,-5.5,63.5,7.3,Loss,Win,Win
Arizona State,Kansas,0.646,5.4,28.5,23.1,51.7,W 35-31,-2.5,50,1.4,Win,Win,Win
Army,Tulsa,0.857,15.6,32.3,16.7,49,W 49-7,-14,50.5,26.4,Win,Win,Loss
Boise State,Utah State,0.99,30.9,45.9,15,60.9,W 62-30,-28,67,1.1,Win,Win,Loss
Bowling Green,Akron,0.852,15.3,33,17.7,50.7,W 27-20,-16,48.5,8.3,Win,Win,Loss
Clemson,Florida State,0.866,16.2,34.7,18.5,53.2,W 29-13,-16.5,47.5,0.2,Win,Win,Loss
Coastal Carolina,Old Dominion,0.671,6.4,27.6,21.2,48.8,W 45-37,-4,51.5,1.6,Win,Win,Loss
Connecticut,Temple,0.814,13.2,33.1,19.9,52.9,W 29-20,-17.5,50,4.2,Win,Win,Loss
East Carolina,Charlotte,0.698,7.6,28.3,20.7,49,L 24-55,-9.5,47,38.6,Loss,Win,Win
Florida,UCF,0.52,0.7,31.8,31.1,62.9,W 24-13,1,62,10.3,Win,Win,Loss
Georgia,Auburn,0.973,24.5,36.3,11.7,48,W 31-13,-21,51,6.5,Win,Loss,Win
Georgia Tech,Duke,0.532,1.1,27.7,26.6,54.3,W 24-14,-10,53,8.9,Win,Push,Loss
Indiana,Northwestern,0.669,6.4,29.4,23,52.3,W 41-24,-13,40.5,10.6,Win,Loss,Win
Iowa State,Baylor,0.814,13.2,31.5,18.3,49.9,W 43-21,-12.5,44.5,8.8,Win,Win,Win
Jacksonville State,Kennesaw State,0.79,11.9,33.3,21.3,54.6,W 63-24,-17,49.5,27.1,Win,Loss,Win
James Madison,UL Monroe,0.91,19.1,33.9,14.8,48.7,L 19-21,-17,48,21.1,Loss,Loss,Loss
Louisiana,Southern Mississippi,0.954,22.7,43.3,20.6,63.9,W 23-13,-17.5,58,12.7,Win,Loss,Loss
Louisville,SMU,0.611,4.1,29.2,25.1,54.3,L 27-34,-6.5,55,11.1,Loss,Win,Loss
Marshall,Appalachian State,0.622,4.5,31.2,26.7,57.8,W 52-37,-3,56.5,10.5,Win,Win,Win
Miami,California,0.733,9.2,31.6,22.4,53.9,W 39-38,-10,54,8.2,Win,Win,Loss
Michigan,Washington,0.551,1.8,24.7,22.9,47.6,L 17-27,1.5,40,11.8,Loss,Loss,Win
Navy,Air Force,0.606,3.9,26.1,22.2,48.3,W 34-7,-9.5,37.5,23.1,Win,Loss,Win
NC State,Wake Forest,0.537,1.3,27.5,26.2,53.7,L 30-34,-4,53,5.3,Loss,Win,Win
Nebraska,Rutgers,0.675,6.6,27.9,21.3,49.2,W 14-7,-7,39,0.4,Win,Push,Loss
North Carolina,Pittsburgh,0.632,4.9,30.6,25.7,56.4,L 24-34,2.5,62.5,14.9,Loss,Loss,Win
Northern Illinois,Massachusetts,0.935,21.1,36,15,51,W 34-20,-14,41,7.1,Win,Push,Win
Ohio State,Iowa,0.943,21.7,35.5,13.8,49.3,W 35-7,-17,46,6.3,Win,Win,Loss
Oklahoma State,West Virginia,0.693,7.4,33.4,26,59.4,L 14-38,-3,64.5,31.4,Loss,Loss,Win
Ole Miss,South Carolina,0.707,8,30.1,22,52.1,W 27-3,-10.5,53,16,Win,Loss,Win
Oregon,Michigan State,0.99,30.4,41.1,10.7,51.8,W 31-10,-22.5,53,9.4,Win,Loss,Win
Oregon State,Colorado State,0.972,24.4,38.7,14.3,53,W 39-31,-10,47.5,16.4,Win,Loss,Win
Penn State,UCLA,0.952,22.5,37,14.5,51.5,W 27-11,-29.5,47.5,6.5,Win,Win,Loss
Sam Houston,UTEP,0.745,9.7,29.5,19.7,49.2,W 41-21,-10,50,10.3,Win,Loss,Loss
San Diego State,Hawaii,0.661,6.1,26.3,20.3,46.6,W 27-24,-1,48,3.1,Win,Win,Loss
San Jose State,Nevada,0.828,13.9,32,18.1,50.1,W 35-31,-7,51,9.9,Win,Loss,Loss
South Alabama,Arkansas State,0.689,7.2,32.8,25.6,58.4,L 16-18,-2.5,62.5,9.2,Loss,Loss,Win
TCU,Houston,0.796,12.2,32.2,20,52.3,L 19-30,-16,52.5,23.2,Loss,Win,Win
Tennessee,Arkansas,0.866,16.2,32.4,16.2,48.6,L 14-19,-14,57.5,21.2,Loss,Loss,Win
Texas A&M,Missouri,0.556,2,25.8,23.9,49.7,W 41-10,-2.5,48.5,29,Win,Loss,Win
Texas State,Troy,0.545,1.6,30,28.4,58.4,W 38-17,-14,56,19.4,Win,Loss,Loss
Toledo,Miami (OH),0.695,7.5,26.4,19,45.4,W 30-20,-5,44,2.5,Win,Win,Win
Tulane,UAB,0.935,21,39,18,57,W 71-20,-19.5,51.5,30,Win,Win,Win
UNLV,Syracuse,0.716,8.4,30.5,22.1,52.6,L 41-44,-6,55,11.4,Loss,Loss,Loss
USC,Minnesota,0.742,9.6,31.5,21.9,53.4,L 17-24,-9.5,46,16.6,Loss,Loss,Loss
Virginia,Boston College,0.579,2.8,28.3,25.5,53.8,W 24-14,-1.5,52.5,7.2,Win,Win,Loss
Virginia Tech,Stanford,0.644,5.4,28.3,23,51.3,W 31-7,-9,49.5,18.6,Win,Loss,Loss
Western Michigan,Ball State,0.598,3.5,30.2,26.6,56.8,W 45-42,-10,57.5,0.5,Win,Win,Loss
Wisconsin,Purdue,0.863,16,35,19,53.9,W 52-6,-11,44,30,Win,Win,Win
Air Force,Wyoming,0.747,9.8,26.1,16.3,42.4,L 19-31,-4,33,21.8,Loss,Loss,Win
Army,Temple,0.809,12.9,30.4,17.5,47.9,W 42-14,-11.5,46.5,15.1,Win,Win,Win
Boise State,Washington State,0.519,0.7,28.3,27.7,56,W 45-24,-6.5,66,20.3,Win,Loss,Loss
Boston College,Western Kentucky,0.657,5.9,31.1,25.2,56.3,W 21-20,-7.5,48,4.9,Win,Win,Loss
Bowling Green,Old Dominion,0.673,6.5,25.8,19.2,45,L 27-30,-11,51,9.5,Loss,Win,Loss
Buffalo,Connecticut,0.544,1.6,23.9,22.4,46.3,L 3-47,6,44.5,45.6,Loss,Loss,Win
BYU,Baylor,0.625,4.6,25.1,20.5,45.6,W 34-28,3,47,1.4,Win,Win,Loss
Clemson,Stanford,0.98,25.3,39.5,14.2,53.7,W 40-14,-24,58,0.7,Win,Win,Win
Duke,North Carolina,0.541,1.4,27.7,26.2,53.9,W 21-20,1.5,55.5,0.4,Win,Win,Win
East Carolina,UTSA,0.594,3.4,27.4,24,51.3,W 30-20,-2,54,6.6,Win,Win,Win
Eastern Michigan,Kent State,0.818,13.4,37,23.6,60.5,W 52-33,-14,46,5.6,Win,Loss,Win
Fresno State,UNLV,0.562,2.2,25,22.8,47.8,L 14-59,2.5,51,47.2,Loss,Loss,Loss
Georgia,Alabama,0.539,1.3,25.2,23.8,49,L 34-41,-2,50,8.3,Loss,Win,Loss
Georgia State,Georgia Southern,0.61,4,32.4,28.5,60.9,L 21-38,-3.5,57.5,21,Loss,Loss,Win
Iowa State,Houston,0.865,16.1,31.7,15.5,47.2,W 20-0,-16,42.5,3.9,Win,Win,Loss
James Madison,Ball State,0.99,27.3,39.4,12.1,51.5,W 63-7,-22,56,28.7,Win,Win,Loss
Kansas,TCU,0.519,0.7,30.3,29.6,59.9,L 27-38,-1,59,11.7,Loss,Win,Win
Kansas State,Oklahoma State,0.621,4.4,29.7,25.3,55,W 42-20,-6,58,17.6,Win,Loss,Loss
Louisiana Tech,Florida International,0.509,0.3,26,25.7,51.7,L 10-17,-2.5,48.5,7.3,Loss,Win,Loss
LSU,South Alabama,0.95,22.3,42.7,20.5,63.2,W 42-10,-21,64.5,9.7,Win,Win,Win
Marshall,Western Michigan,0.743,9.6,33.7,24,57.7,W 27-20,-3.5,54,2.6,Win,Win,Loss
Maryland,Indiana,0.516,0.5,30,29.4,59.4,L 28-42,7.5,50,14.5,Loss,Loss,Win
Memphis,Middle Tennessee,0.99,26,45.7,19.7,65.4,W 24-7,-27,61,9,Win,Win,Loss
Miami,Virginia Tech,0.879,17,36.6,19.7,56.3,W 38-34,-17.5,55.5,13,Win,Win,Win
Miami (OH),Massachusetts,0.983,25.6,36.4,10.7,47.1,W 23-20,-15.5,44,22.6,Win,Loss,Loss
Michigan,Minnesota,0.904,18.7,31.8,13.1,44.9,W 27-24,-10.5,34.5,15.7,Win,Loss,Win
Navy,UAB,0.769,10.9,32.5,21.6,54.2,W 41-18,-4.5,56.5,12.1,Win,Win,Loss
NC State,Northern Illinois,0.667,6.3,27.3,21,48.3,W 24-17,-7.5,46.5,0.7,Win,Win,Loss
Nebraska,Purdue,0.707,8,30.3,22.3,52.6,W 28-10,-10,47,10,Win,Loss,Loss
New Mexico State,New Mexico,0.541,1.4,28.8,27.4,56.2,L 40-50,9,54,11.4,Loss,Loss,Win
North Texas,Tulsa,0.726,8.8,35.7,26.8,62.5,W 52-20,-7,66.5,23.2,Win,Win,Loss
Notre Dame,Louisville,0.727,8.9,30.6,21.7,52.3,W 31-24,-6.5,45,1.9,Win,Win,Win
Ohio,Akron,0.913,19.3,36,16.6,52.6,W 30-10,-8,46.5,0.7,Win,Win,Loss
Ohio State,Michigan State,0.99,28.4,40.3,11.9,52.2,W 38-7,-23.5,48.5,2.6,Win,Win,Loss
Oklahoma,Auburn,0.665,6.2,25.6,19.4,45,W 27-21,2,43,0.2,Win,Win,Win
Ole Miss,Kentucky,0.774,11.1,31,19.9,50.9,L 17-20,-15.5,51.5,14.1,Loss,Win,Win
Oregon,UCLA,0.959,23.1,38.5,15.4,53.8,W 34-13,-23.5,54.5,2.1,Win,Win,Win
Penn State,Illinois,0.89,17.7,35.3,17.6,52.9,W 21-7,-19,48,3.7,Win,Win,Loss
Rice,Charlotte,0.521,0.7,27.1,26.4,53.5,L 20-21,-4.5,47.5,1.7,Loss,Win,Loss
San Diego State,Central Michigan,0.7,7.7,28.4,20.7,49.1,L 21-22,2.5,47,8.7,Loss,Win,Loss
SMU,Florida State,0.641,5.2,26.7,21.5,48.2,W 42-16,-6,46.5,20.8,Win,Loss,Win
Texas,Mississippi State,0.99,36.2,46.4,10.2,56.6,W 35-13,-37,59,14.2,Win,Win,Win
Texas A&M,Arkansas,0.724,8.8,29.6,20.9,50.5,W 21-17,-6.5,50.5,4.8,Win,Loss,Win
Texas State,Sam Houston,0.685,7,29.3,22.2,51.5,L 39-40,-11.5,55.5,8,Loss,Win,Loss
Texas Tech,Cincinnati,0.646,5.4,29.6,24.2,53.8,W 44-41,-3,60.5,2.4,Win,Push,Loss
Troy,UL Monroe,0.733,9.2,30,20.9,50.9,L 9-13,-6.5,45.5,13.2,Loss,Loss,Loss
Tulane,South Florida,0.773,11.1,34.4,23.4,57.8,W 45-10,-4,60.5,23.9,Win,Win,Win
UCF,Colorado,0.829,14,37.4,23.5,60.9,L 21-48,-11.5,60,41,Loss,Loss,Win
USC,Wisconsin,0.797,12.3,33.8,21.5,55.3,W 38-21,-13.5,50.5,4.7,Win,Loss,Win
Utah,Arizona,0.726,8.8,29.4,20.6,50,L 10-23,-7.5,47,21.8,Loss,Loss,Loss
Wake Forest,Louisiana,0.546,1.6,30.6,28.9,59.5,L 38-41,-3,59.5,4.6,Loss,Win,Loss
Washington,Rutgers,0.787,11.7,30.9,19.1,50,L 18-21,1,45,14.7,Loss,Loss,Loss
Appalachian State,South Alabama,0.674,6.6,33,26.4,59.3,L 14-48,-7.5,62,40.6,Loss,Win,Push
Army,Rice,0.837,14.4,30.2,15.8,46,W 37-14,-7.5,43.5,8.6,Win,Win,Win
Auburn,Arkansas,0.737,9.3,29.1,19.8,48.9,L 14-24,-2.5,52,19.3,Loss,Loss,Win
Ball State,Central Michigan,0.509,0.3,25.1,24.8,49.8,L 34-37,6.5,50.5,3.3,Loss,Win,Loss
Baylor,Colorado,0.661,6,28.7,22.7,51.4,L 31-38,2.5,53.5,13,Loss,Loss,Loss
Boston College,Michigan State,0.645,5.4,28.6,23.2,51.8,W 23-19,-5,45.5,1.4,Win,Loss,Loss
Cincinnati,Houston,0.625,4.6,27.1,22.5,49.6,W 34-0,-3.5,47.5,29.4,Win,Win,Loss
Clemson,NC State,0.911,19.2,33.1,13.9,47.1,W 59-35,-17.5,43.5,4.8,Win,Win,Win
Coastal Carolina,Virginia,0.566,2.3,27.3,25,52.3,L 24-43,3.5,52,21.3,Loss,Loss,Win
Colorado State,UTEP,0.719,8.5,29.4,20.9,50.3,W 27-17,-9,48.5,1.5,Win,Loss,Loss
Duke,Middle Tennessee,0.878,16.9,35.6,18.7,54.3,W 45-17,-14.5,51.5,11.1,Win,Win,Win
Florida,Mississippi State,0.637,5,29.7,24.7,54.4,W 45-28,-7,57,12,Win,Loss,Loss
Florida Atlantic,Connecticut,0.674,6.6,27.4,20.8,48.3,L 14-48,1,46,40.6,Loss,Loss,Win
Florida State,California,0.537,1.3,24.8,23.5,48.2,W 14-9,-2.5,44.5,3.7,Win,Loss,Loss
Fresno State,New Mexico,0.878,16.9,36.9,20,56.9,W 38-21,-12,61.5,0.1,Win,Win,Win
Indiana,Charlotte,0.946,22,38.3,16.4,54.7,W 52-14,-28.5,51,16,Win,Loss,Win
Iowa State,Arkansas State,0.95,22.3,38.2,15.9,54.1,W 52-7,-20.5,52,22.7,Win,Win,Win
Jacksonville State,Southern Mississippi,0.77,10.9,34.1,23.2,57.2,W 44-7,-6,59,26.1,Win,Win,Win
Kansas State,BYU,0.794,12.1,31,18.9,49.9,L 9-38,-7.5,49.5,41.1,Loss,Loss,Loss
Kentucky,Ohio,0.868,16.3,31.7,15.4,47.1,W 41-6,-21.5,42,18.7,Win,Loss,Win
Liberty,East Carolina,0.793,12.1,31.7,19.6,51.3,W 35-24,-7.5,55.5,1.1,Win,Win,Loss
Louisiana Tech,Tulsa,0.588,3.1,29.5,26.4,55.9,L 20-23,-3,56.5,6.1,Loss,Loss,Win
Louisville,Georgia Tech,0.779,11.3,36.7,25.3,62,W 31-19,-9.5,56,0.7,Win,Win,Loss
LSU,UCLA,0.901,18.5,38.6,20.1,58.7,W 34-17,-21,56.5,1.5,Win,Win,Loss
Memphis,Navy,0.766,10.7,31.2,20.5,51.7,L 44-56,-9,47,22.7,Loss,Loss,Win
Miami,South Florida,0.859,15.7,36.5,20.7,57.2,W 50-15,-16.5,65,19.3,Win,Loss,Push
Michigan,USC,0.697,7.5,31.7,24.2,55.9,W 27-24,4,44,4.5,Win,Win,Win
Minnesota,Iowa,0.501,0,20,20,40,L 14-31,3,35,17,Loss,Loss,Win
Missouri,Vanderbilt,0.96,23.3,38.5,15.2,53.7,W 30-27,-17.5,52,20.3,Win,Loss,Win
Nebraska,Illinois,0.675,6.6,26,19.4,45.4,L 24-31,-9.5,42.5,13.6,Loss,Win,Win
North Carolina,James Madison,0.591,3.3,29.6,26.3,55.9,L 50-70,-10.5,48,23.3,Loss,Win,Win
North Texas,Wyoming,0.555,1.9,30.2,28.2,58.4,W 44-17,-7,55,25.1,Win,Loss,Win
Northern Illinois,Buffalo,0.678,6.7,26.2,19.5,45.7,L 20-23,-13,43,9.7,Loss,Win,Push
Notre Dame,Miami (OH),0.99,27.8,35.6,7.8,43.5,W 28-3,-27,44,2.8,Win,Loss,Win
Ohio State,Marshall,0.99,37.7,43.7,6,49.7,W 49-14,-40,57,2.7,Win,Win,Loss
Oklahoma State,Utah,0.56,2.1,25.5,23.4,48.9,L 19-22,1,53.5,5.1,Loss,Loss,Win
Ole Miss,Georgia Southern,0.99,30,45.6,15.6,61.1,W 52-13,-35.5,68.5,9,Win,Loss,Win
Oregon State,Purdue,0.847,15,36.6,21.5,58.1,W 38-21,-2,51,2,Win,Win,Win
Penn State,Kent State,0.99,46.4,53.2,6.8,60,W 56-0,-49,58,9.6,Win,Loss,Loss
Sam Houston,New Mexico State,0.666,6.2,27.6,21.4,49,W 31-11,-15,44.5,13.8,Win,Loss,Loss
South Carolina,Akron,0.99,35.9,41.5,5.6,47.1,W 50-7,-24.5,41.5,7.1,Win,Win,Win
Syracuse,Stanford,0.63,4.8,29.9,25.1,55.1,L 24-26,-9,56.5,6.8,Loss,Win,Win
TCU,SMU,0.579,2.8,29.7,26.8,56.5,L 42-66,-1.5,58.5,26.8,Loss,Loss,Loss
Tennessee,Oklahoma,0.641,5.2,29.2,24,53.2,W 25-15,-5.5,57,4.8,Win,Loss,Win
Texas,UL Monroe,0.99,42.8,46.9,4.1,50.9,W 51-3,-41.5,53.5,5.2,Win,Win,Loss
Texas A&M,Bowling Green,0.97,24.2,35.9,11.7,47.5,W 26-20,-21,51,18.2,Win,Loss,Win
Texas Tech,Arizona State,0.641,5.2,26.9,21.7,48.5,W 30-22,-4.5,58,2.8,Win,Win,Win
Tulane,Louisiana,0.505,0.2,26.7,26.6,53.3,W 41-33,-1,53,7.8,Win,Loss,Win
Utah State,Temple,0.713,8.3,31.4,23.1,54.5,L 29-45,-6.5,53.5,24.3,Loss,Loss,Win
Virginia Tech,Rutgers,0.662,6.1,29.3,23.2,52.6,L 23-26,-3,45,9.1,Loss,Loss,Win
Washington,Northwestern,0.892,17.9,33.4,15.5,48.9,W 24-5,-12,43,1.1,Win,Win,Loss
Washington State,San Jose State,0.85,15.2,32,16.8,48.8,W 54-52,-13.5,55,13.2,Win,Loss,Loss
West Virginia,Kansas,0.592,3.3,30.4,27.1,57.5,W 32-28,-1,55,0.7,Win,Win,Win
Western Kentucky,Toledo,0.537,1.3,29.5,28.2,57.8,W 26-21,2.5,60.5,3.7,Win,Win,Win
Alabama,Wisconsin,0.79,11.9,30.3,18.3,48.6,W 42-10,-14,47,20.1,Win,Loss,Win
Appalachian State,East Carolina,0.629,4.8,30.3,25.5,55.8,W 21-19,-1,58,2.8,Win,Win,Win
Arizona State,Texas State,0.666,6.2,29.4,23.2,52.6,W 31-28,2.5,57.5,3.2,Win,Win,Loss
Arkansas,UAB,0.908,19,35,16,51,W 37-27,-22,61,9,Win,Win,Loss
Auburn,New Mexico,0.99,26.9,39.8,12.9,52.7,W 45-19,-24,58,0.9,Win,Win,Loss
Baylor,Air Force,0.581,2.9,23.9,20.9,44.8,W 31-3,-17,41,25.1,Win,Loss,Loss
Buffalo,Massachusetts,0.895,18.1,33.9,15.8,49.7,W 34-3,-3,46,12.9,Win,Win,Loss
BYU,Wyoming,0.685,7.1,25.5,18.5,44,W 34-14,-9.5,40,12.9,Win,Loss,Win
California,San Diego State,0.851,15.2,30,14.8,44.8,W 31-10,-18.5,48.5,5.8,Win,Loss,Win
Cincinnati,Miami (OH),0.545,1.6,24.7,23.1,47.7,W 27-16,-3.5,47.5,9.4,Win,Loss,Loss
Coastal Carolina,Temple,0.909,19,35.3,16.2,51.5,W 28-20,-17,52,11,Win,Loss,Win
Colorado,Colorado State,0.633,4.9,29.1,24.2,53.3,W 28-9,-7.5,59.5,14.1,Win,Loss,Win
Duke,Connecticut,0.99,28.4,38.7,10.3,49,W 26-21,-17,47,23.4,Win,Loss,Push
Florida Atlantic,Florida International,0.727,8.9,28.9,20,49,W 38-20,-3.5,45,9.1,Win,Win,Win
Florida State,Memphis,0.577,2.7,30.4,27.7,58.1,L 12-20,-7,54.5,10.7,Loss,Win,Loss
Fresno State,New Mexico State,0.806,12.8,30.9,18.2,49.1,W 48-0,-20,47.5,35.2,Win,Loss,Win
Georgia,Kentucky,0.949,22.2,35.9,13.7,49.6,W 13-12,-21.5,45,21.2,Win,Loss,Loss
Houston,Rice,0.836,14.4,31.7,17.3,49,W 33-7,-4.5,45,11.6,Win,Win,Loss
Illinois,Central Michigan,0.956,22.9,37.1,14.2,51.3,W 30-9,-21,50,1.9,Win,Push,Loss
Iowa,Troy,0.831,14.1,28.3,14.1,42.4,W 38-21,-24,39,2.9,Win,Win,Win
Jacksonville State,Eastern Michigan,0.54,1.4,26.4,25,51.4,L 34-37,-2.5,53.5,4.4,Loss,Win,Loss
Kansas,UNLV,0.701,7.7,30.8,23.1,53.9,L 20-23,-9,57.5,10.7,Loss,Win,Win
Kansas State,Arizona,0.774,11.1,34.4,23.3,57.6,W 31-7,-7,61,12.9,Win,Win,Win
Liberty,UTEP,0.979,25.1,41.4,16.3,57.7,W 28-10,-24,57.5,7.1,Win,Loss,Loss
LSU,South Carolina,0.749,9.9,33.7,23.8,57.4,W 36-33,-6,48.5,6.9,Win,Loss,Win
Maryland,Virginia,0.604,3.8,30.5,26.7,57.2,W 27-13,3,56,10.2,Win,Win,Loss
Miami,Ball State,0.98,25.3,36.6,11.3,47.9,W 62-0,-37,56,36.7,Win,Loss,Loss
Michigan,Arkansas State,0.99,33.5,43.1,9.6,52.7,W 28-18,-21.5,47.5,23.5,Win,Loss,Loss
Minnesota,Nevada,0.869,16.4,32.3,16,48.3,W 27-0,-16.5,44.5,10.6,Win,Loss,Loss
Mississippi State,Toledo,0.726,8.8,29.2,20.4,49.7,L 17-41,-10.5,57.5,32.8,Loss,Win,Loss
Missouri,Boston College,0.873,16.6,34.5,17.9,52.3,W 27-21,-14.5,52,10.6,Win,Loss,Loss
NC State,Louisiana Tech,0.899,18.3,34.1,15.8,49.9,W 30-20,-20.5,48,8.3,Win,Win,Win
Notre Dame,Purdue,0.81,13,31.9,18.9,50.8,W 66-7,-7,47.5,46,Win,Win,Win
Oklahoma,Tulane,0.819,13.5,32.1,18.6,50.6,W 34-19,-13,49.5,1.5,Win,Win,Win
Oklahoma State,Tulsa,0.906,18.9,36.8,17.9,54.7,W 45-10,-17.5,63.5,16.1,Win,Win,Win
Ole Miss,Wake Forest,0.831,14.1,36.2,22,58.2,W 40-6,-20.5,65.5,19.9,Win,Loss,Win
Oregon,Oregon State,0.704,7.9,30.8,22.9,53.7,W 49-14,-18.5,49,27.1,Win,Loss,Win
Sam Houston,Hawaii,0.514,0.5,25,24.5,49.6,W 31-13,-3.5,48,17.5,Win,Loss,Loss
San Jose State,Kennesaw State,0.96,23.3,36.8,13.5,50.3,W 31-10,-16.5,42.5,2.3,Win,Win,Loss
South Florida,Southern Mississippi,0.731,9.1,31.7,22.6,54.4,W 49-24,-13,58.5,15.9,Win,Loss,Loss
TCU,UCF,0.513,0.4,29.6,29.1,58.7,L 34-35,-2.5,62,1.4,Loss,Win,Loss
Tennessee,Kent State,0.99,42,49.6,7.6,57.2,W 71-0,-49.5,62.5,29,Win,Loss,Loss
Texas,UTSA,0.99,40.4,47.6,7.1,54.7,W 56-7,-35.5,56.5,8.6,Win,Win,Loss
Texas A&M,Florida,0.651,5.6,28.6,23,51.6,W 33-20,-3.5,46,7.4,Win,Win,Win
Texas Tech,North Texas,0.865,16.1,39.1,23,62,W 66-21,-11,71,28.9,Win,Win,Loss
UCLA,Indiana,0.74,9.5,29.1,19.6,48.6,L 13-42,3.5,46.5,38.5,Loss,Loss,Win
Utah,Utah State,0.968,24,37,13,50,W 38-21,-20,43.5,7,Win,Loss,Win
Vanderbilt,Georgia State,0.544,1.5,28.9,27.4,56.4,L 32-36,-8.5,44.5,5.5,Loss,Win,Win
Virginia Tech,Old Dominion,0.726,8.9,29.1,20.2,49.3,W 37-17,-16,47.5,11.1,Win,Loss,Win
Washington,Washington State,0.706,7.9,30.7,22.8,53.5,L 19-24,-6,54,12.9,Loss,Loss,Win
West Virginia,Pittsburgh,0.525,0.9,26.3,25.4,51.7,L 34-38,-2,62,4.9,Loss,Win,Loss
Western Kentucky,Middle Tennessee,0.636,5,29.9,24.9,54.7,W 49-21,-7,53.5,23,Win,Loss,Win
Air Force,San Jose State,0.734,9.2,29.6,20.4,49.9,L 7-17,-3,44.5,19.2,Loss,Loss,Loss
Alabama,South Florida,0.99,42.8,49.1,6.3,55.3,W 42-16,-30.5,64.5,16.8,Win,Loss,Win
Arizona State,Mississippi State,0.642,5.3,25.4,20.1,45.5,W 30-23,-6.5,58,1.7,Win,Loss,Win
Arkansas State,Tulsa,0.609,4,29.9,25.9,55.8,W 28-24,-9,66.5,0,Win,Win,Win
Auburn,California,0.739,9.5,28.1,18.7,46.8,L 14-21,-11.5,53,16.5,Loss,Win,Win
Central Michigan,Florida International,0.624,4.5,29.3,24.8,54.1,L 16-52,-3.5,51.5,40.5,Loss,Loss,Win
Cincinnati,Pittsburgh,0.549,1.7,25.5,23.7,49.2,L 27-28,-2,62,2.7,Loss,Win,Win
Clemson,Appalachian State,0.846,15,32.2,17.3,49.5,W 66-20,-17,52.5,31,Win,Loss,Loss
Duke,Northwestern,0.545,1.6,23.9,22.3,46.3,W 26-20,2,37.5,4.4,Win,Win,Win
Florida Atlantic,Army,0.558,2,21.9,19.8,41.7,L 7-24,-1,41.5,19,Loss,Loss,Loss
Georgia Tech,Syracuse,0.586,3.1,30.1,27,57,L 28-31,-3,60.5,6.1,Loss,Loss,Win
Iowa State,Iowa,0.532,1.1,21.2,20.1,41.3,W 20-19,3,36.5,0.1,Win,Win,Win
Kansas,Illinois,0.529,1,29.1,28.1,57.3,L 17-23,-5,58.5,7,Loss,Win,Win
Kansas State,Tulane,0.821,13.6,32.2,18.6,50.8,W 34-27,-9.5,47.5,6.6,Win,Loss,Win
Kentucky,South Carolina,0.773,11.1,29.5,18.4,47.9,L 6-31,-9.5,40.5,36.1,Loss,Loss,Loss
Liberty,New Mexico State,0.827,13.9,36,22.1,58.1,W 30-24,-22,54,7.9,Win,Win,Push
Louisiana,Kennesaw State,0.862,15.9,35.3,19.4,54.7,W 34-10,-14.5,46.5,8.1,Win,Win,Loss
Louisville,Jacksonville State,0.938,21.3,35.6,14.3,49.8,W 49-14,-28.5,55.5,13.7,Win,Loss,Loss
Maryland,Michigan State,0.814,13.2,32.1,18.9,50.9,L 24-27,-8.5,44.5,16.2,Loss,Loss,Win
Memphis,Troy,0.636,5,31.1,26,57.1,W 38-17,-19,55.5,16,Win,Loss,Loss
Michigan,Texas,0.677,6.7,28.2,21.6,49.8,L 12-31,6.5,42,25.7,Loss,Loss,Win
Missouri,Buffalo,0.98,25.3,35.8,10.5,46.3,W 38-0,-32,51.5,12.7,Win,Loss,Win
Navy,Temple,0.778,11.3,28.2,16.9,45.2,W 38-11,-11.5,42,15.7,Win,Loss,Win
Nebraska,Colorado,0.713,8.3,29.5,21.2,50.7,W 28-10,-6.5,55,9.7,Win,Win,Win
Nevada,Georgia Southern,0.539,1.4,28.7,27.3,55.9,L 17-20,-1,56,4.4,Loss,Loss,Win
North Carolina,Charlotte,0.99,26.3,41.1,14.8,56,W 38-20,-21,48,8.3,Win,Loss,Win
Notre Dame,Northern Illinois,0.99,33.2,41,7.8,48.8,L 14-16,-28,47.5,35.2,Loss,Loss,Loss
Ohio,South Alabama,0.552,1.8,27.9,26.1,54,W 27-20,1,55.5,5.2,Win,Win,Win
Ohio State,Western Michigan,0.99,41.4,49,7.7,56.7,W 56-0,-37,54.5,14.6,Win,Win,Win
Oklahoma,Houston,0.99,26.4,39.8,13.4,53.2,W 16-12,-27.5,50,22.4,Win,Win,Loss
Oklahoma State,Arkansas,0.79,11.9,31.5,19.6,51.2,W 39-31,-10,60.5,3.9,Win,Loss,Loss
Old Dominion,East Carolina,0.63,4.8,24.9,20.1,45,L 14-20,-1.5,53.5,10.8,Loss,Loss,Win
Ole Miss,Middle Tennessee,0.99,26.2,40.5,14.3,54.8,W 52-3,-42,61.5,22.8,Win,Loss,Win
Oregon,Boise State,0.967,23.9,41.4,17.5,58.9,W 37-34,-18,61.5,20.9,Win,Loss,Loss
Oregon State,San Diego State,0.84,14.6,32,17.3,49.3,W 21-0,-5.5,53.5,6.4,Win,Win,Win
Penn State,Bowling Green,0.99,35.8,40.9,5,45.9,W 34-27,-34,51.5,28.8,Win,Loss,Loss
Rutgers,Akron,0.968,24,34.5,10.5,45,W 49-17,-24.5,41.5,8,Win,Loss,Win
SMU,BYU,0.643,5.3,29.5,24.2,53.7,L 15-18,-12.5,56,8.3,Loss,Win,Win
Tennessee,NC State,0.729,9,29.2,20.2,49.4,W 51-10,-8,60,32,Win,Win,Loss
Toledo,Massachusetts,0.99,28.4,41.6,13.3,54.9,W 38-23,-17,51.5,13.4,Win,Loss,Win
UAB,UL Monroe,0.617,4.3,29.6,25.3,54.9,L 6-32,-11,55.5,30.3,Loss,Win,Win
UCF,Sam Houston,0.895,18.1,34.6,16.5,51.1,W 45-14,-21.5,54,12.9,Win,Loss,Loss
USC,Utah State,0.99,27.9,45.9,18,63.9,W 48-0,-31,64,20.1,Win,Loss,Win
Utah,Baylor,0.823,13.7,30.2,16.5,46.6,W 23-12,-14.5,53.5,2.7,Win,Win,Win
UTSA,Texas State,0.567,2.4,28.2,25.8,54,L 10-49,2.5,58.5,41.4,Loss,Loss,Loss
Virginia Tech,Marshall,0.725,8.8,30.6,21.9,52.5,W 31-14,-21,54.5,8.2,Win,Win,Win
Wake Forest,Virginia,0.611,4.1,29.8,25.7,55.5,L 30-31,1,55.5,5.1,Loss,Push,Win
Washington,Eastern Michigan,0.99,33.5,42.9,9.4,52.3,W 30-9,-24.5,49,12.5,Win,Loss,Loss
Washington State,Texas Tech,0.579,2.8,27.5,24.7,52.1,W 37-16,2.5,65.5,18.2,Win,Win,Win
Alabama,Western Kentucky,0.99,31.8,42.8,11,53.8,W 63-0,-34,59.5,31.2,Win,Loss,Loss
Arizona,New Mexico,0.99,27.8,41.7,13.9,55.6,W 61-39,-28,60,5.8,Win,Win,Loss
Arizona State,Wyoming,0.587,3.1,24.7,21.6,46.2,W 48-7,-6.5,46,37.9,Win,Loss,Win
Boise State,Georgia Southern,0.779,11.4,33.1,21.8,54.9,W 56-45,-13,57.5,0.4,Win,Win,Loss
Eastern Michigan,Massachusetts,0.697,7.6,29.9,22.4,52.3,W 28-14,2.5,51,6.4,Win,Win,Loss
Florida,Miami,0.633,4.9,28.7,23.8,52.6,L 17-41,2,54,28.9,Loss,Loss,Loss
Florida State,Boston College,0.884,17.3,36.2,18.9,55,L 13-28,-16.5,51.5,32.3,Loss,Loss,Loss
Georgia,Clemson,0.851,15.3,32.2,16.9,49.1,W 34-3,-10.5,50,15.7,Win,Win,Win
Georgia Tech,Georgia State,0.765,10.7,34.2,23.5,57.6,W 35-12,-20.5,54.5,12.3,Win,Loss,Loss
Houston,UNLV,0.694,7.4,31.1,23.6,54.7,L 7-27,-3.5,55.5,27.4,Loss,Loss,Win
Indiana,Florida International,0.924,20.2,36.7,16.5,53.2,W 31-7,-26,51.5,3.8,Win,Win,Loss
Jacksonville State,Coastal Carolina,0.564,2.3,26.8,24.6,51.4,L 27-55,-3.5,54.5,30.3,Loss,Win,Loss
James Madison,Charlotte,0.94,21.5,36.8,15.4,52.2,W 30-7,-6.5,47.5,1.5,Win,Win,Loss
Kentucky,Southern Mississippi,0.966,23.8,37,13.2,50.2,W 31-0,-24.5,49,7.2,Win,Loss,Loss
LSU,USC,0.7,7.7,39.6,31.9,71.4,L 20-27,-4,66,14.7,Loss,Loss,Loss
Maryland,Connecticut,0.99,28.4,40,11.6,51.6,W 50-7,-18.5,45,14.6,Win,Win,Win
Michigan,Fresno State,0.99,29.4,40.3,10.9,51.2,W 30-10,-20.5,45.5,9.4,Win,Loss,Loss
Michigan State,Florida Atlantic,0.672,6.5,27.2,20.8,48,W 16-10,-12,44.5,0.5,Win,Win,Loss
Nebraska,UTEP,0.94,21.4,33.5,12.1,45.6,W 40-7,-27.5,48.5,11.6,Win,Loss,Win
North Carolina,Minnesota,0.517,0.6,29.3,28.7,58,W 19-17,-2,52.5,1.4,Win,Push,Loss
Northwestern,Miami (OH),0.684,7,24.4,17.4,41.8,W 13-6,-3,40,0,Win,Win,Loss
Notre Dame,Texas A&M,0.613,4.1,26.4,22.2,48.6,W 23-13,3,47.5,5.9,Win,Win,Loss
Ohio State,Akron,0.99,55.1,55.1,0,55.1,W 52-6,-49,56,9.1,Win,Loss,Loss
Oklahoma,Temple,0.99,40.5,48.8,8.3,57.1,W 51-3,-42.5,57.5,7.5,Win,Loss,Win
Penn State,West Virginia,0.784,11.6,31.2,19.6,50.7,W 34-12,-7.5,48.5,10.4,Win,Win,Loss
Pittsburgh,Kent State,0.976,24.8,38.3,13.5,51.7,W 55-24,-24,55.5,6.2,Win,Win,Loss
Rice,Sam Houston,0.577,2.8,25.1,22.3,47.4,L 14-34,-10,49,22.8,Loss,Win,Win
South Alabama,North Texas,0.799,12.4,35.3,22.9,58.1,L 38-52,-6,61.5,26.4,Loss,Loss,Loss
South Carolina,Old Dominion,0.883,17.3,32,14.7,46.7,W 23-19,-20.5,49,13.3,Win,Win,Win
Syracuse,Ohio,0.562,2.2,25.1,22.8,47.9,W 38-22,-17,44.5,13.8,Win,Win,Win
TCU,Stanford,0.757,10.3,33.7,23.4,57.1,W 34-27,-7.5,59,3.3,Win,Loss,Loss
Texas,Colorado State,0.99,33.9,42.3,8.4,50.6,W 52-0,-35,62.5,18.1,Win,Loss,Win
Troy,Nevada,0.891,17.8,31.8,14,45.8,L 26-28,-7.5,44.5,19.8,Loss,Loss,Win
UCLA,Hawaii,0.907,18.9,35,16.2,51.2,W 16-13,-13.5,52,15.9,Win,Loss,Win
UTSA,Kennesaw State,0.918,19.7,37.2,17.5,54.7,W 28-16,-23.5,48,7.7,Win,Win,Loss
Virginia Tech,Vanderbilt,0.758,10.3,32.2,21.9,54.1,L 27-34,-13,49,17.3,Loss,Win,Win
Wisconsin,Western Michigan,0.98,25.3,38.9,13.6,52.5,W 28-14,-24,57,11.3,Win,Loss,Win
Florida State,Georgia Tech,0.828,14,33.6,19.6,53.3,L 21-24,-10,55,17,Loss,Loss,Win
SMU,Nevada,0.91,19.1,34.8,15.7,50.6,W 29-24,-27,55.5,14.1,Win,Win,Win